class,prop,required,prop_type,xml_name,line
AdditionalDataPointType,Amount,O,string,Amount,8312
AdditionalDataPointType,Boolean,O,bool,Boolean,8340
AdditionalDataPointType,BooleanSpecified,O,bool,,8346
AdditionalDataPointType,Description,O,string,Description,8309
AdditionalDataPointType,Percentage,O,decimal,Percentage,8321
AdditionalDataPointType,PercentageSpecified,O,bool,,8327
AdditionalDataPointType,Text,O,string,Text,8337
CorporateStructureType,Ce,O,System.Collections.ObjectModel.Collection<CorporateStructureTypeCe>,CE,7549
CorporateStructureType,CeSpecified,O,bool,,7565
CorporateStructureType,ExcludedEntity,O,System.Collections.ObjectModel.Collection<CorporateStructureTypeExcludedEntity>,ExcludedEntity,7577
CorporateStructureType,ExcludedEntitySpecified,O,bool,,7593
CorporateStructureType,UnreportChangeCorpStr,O,bool,UnreportChangeCorpStr,7602
CorporateStructureType,UnreportChangeCorpStrSpecified,O,bool,,7608
CorporateStructureType,Upe,R,System.Collections.ObjectModel.Collection<CorporateStructureTypeUpe>,UPE,7523
CorporateStructureTypeCe,Id,R,IdType,ID,7944
CorporateStructureTypeCe,Ownership,R,System.Collections.ObjectModel.Collection<CorporateStructureTypeCeOwnership>,Ownership,7988
CorporateStructureTypeCe,OwnershipChange,O,System.Collections.ObjectModel.Collection<CorporateStructureTypeCeOwnershipChange>,OwnershipChange,7950
CorporateStructureTypeCe,OwnershipChangeSpecified,O,bool,,7966
CorporateStructureTypeCe,Qiir,O,CorporateStructureTypeCeQiir,QIIR,8001
CorporateStructureTypeCe,Qutpr,O,CorporateStructureTypeCeQutpr,QUTPR,8004
CorporateStructureTypeCeOwnership,OwnershipPercentage,R,decimal,OwnershipPercentage,8141
CorporateStructureTypeCeOwnership,OwnershipType,R,OwnershipTypeEnumType,OwnershipType,8125
CorporateStructureTypeCeOwnership,Tin,R,TinType,TIN,8129
CorporateStructureTypeCeOwnershipChange,ChangeDate,R,System.DateTime,ChangeDate,8017
CorporateStructureTypeCeOwnershipChange,PreGlobeStatus,R,System.Collections.ObjectModel.Collection<IdGlobeStatusEnumType>,PreGlobeStatus,8028
CorporateStructureTypeCeOwnershipChange,PreOwnership,O,System.Collections.ObjectModel.Collection<CorporateStructureTypeCeOwnershipChangePreOwnership>,PreOwnership,8053
CorporateStructureTypeCeOwnershipChange,PreOwnershipSpecified,O,bool,,8069
CorporateStructureTypeCeOwnershipChangePreOwnership,OwnershipType,R,OwnershipTypeEnumType,OwnershipType,8092
CorporateStructureTypeCeOwnershipChangePreOwnership,PreOwnershipPercentage,R,decimal,PreOwnershipPercentage,8108
CorporateStructureTypeCeOwnershipChangePreOwnership,Tin,R,TinType,TIN,8096
CorporateStructureTypeCeQiir,Exception,O,CorporateStructureTypeCeQiirException,Exception,8161
CorporateStructureTypeCeQiir,PopeIpe,R,PopeipeEnumType,POPE-IPE,8158
CorporateStructureTypeCeQiirException,ExceptionRule,R,CorporateStructureTypeCeQiirExceptionExceptionRule,ExceptionRule,8174
CorporateStructureTypeCeQiirException,Tin,R,TinType,TIN,8178
CorporateStructureTypeCeQiirExceptionExceptionRule,Art213,O,bool,Art2.1.3,8190
CorporateStructureTypeCeQiirExceptionExceptionRule,Art213Specified,O,bool,,8196
CorporateStructureTypeCeQiirExceptionExceptionRule,Art215,O,bool,Art2.1.5,8199
CorporateStructureTypeCeQiirExceptionExceptionRule,Art215Specified,O,bool,,8205
CorporateStructureTypeCeQutpr,AggOwnership,O,decimal,AggOwnership,8229
CorporateStructureTypeCeQutpr,AggOwnershipSpecified,O,bool,,8235
CorporateStructureTypeCeQutpr,Art93,R,bool,Art9.3,8218
CorporateStructureTypeCeQutpr,UpeOwnership,O,bool,UPEOwnership,8242
CorporateStructureTypeCeQutpr,UpeOwnershipSpecified,O,bool,,8248
CorporateStructureTypeExcludedEntity,Change,R,bool,Change,8290
CorporateStructureTypeExcludedEntity,KName,O,string,KName,8278
CorporateStructureTypeExcludedEntity,Name,R,string,Name,8268
CorporateStructureTypeExcludedEntity,Type,R,ExcludedEntityEnumType,Type,8286
CorporateStructureTypeUpe,ExcludedUpe,O,CorporateStructureTypeUpeExcludedUpe,ExcludedUPE,7620
CorporateStructureTypeUpe,OtherUpe,O,CorporateStructureTypeUpeOtherUpe,OtherUPE,7623
CorporateStructureTypeUpeExcludedUpe,Art1035,O,Globe.CountryCodeType,Art10.3.5,7643
CorporateStructureTypeUpeExcludedUpe,Art1035Specified,O,bool,,7649
CorporateStructureTypeUpeExcludedUpe,ExcludedUpeStatus,R,ExcludedUpeEnumType,ExcludedUPEStatus,7640
CorporateStructureTypeUpeExcludedUpe,Id,R,ExcludedUpeIdType,ID,7653
CorporateStructureTypeUpeOtherUpe,Art1035,O,Globe.CountryCodeType,Art10.3.5,7808
CorporateStructureTypeUpeOtherUpe,Art1035Specified,O,bool,,7814
CorporateStructureTypeUpeOtherUpe,Id,R,IdType,ID,7805
DocSpecType,CorrDocRefId,O,string,CorrDocRefId,4738
DocSpecType,DocRefId,R,string,DocRefId,4726
DocSpecType,DocTypeIndic,R,OecdDocTypeIndicEnumType,DocTypeIndic,4713
EtrComputationType,CeComputation,O,System.Collections.ObjectModel.Collection<EtrComputationTypeCeComputation>,CEComputation,9277
EtrComputationType,CeComputationSpecified,O,bool,,9293
EtrComputationType,NonMaterialCe,O,System.Collections.ObjectModel.Collection<EtrComputationTypeNonMaterialCe>,Non-MaterialCE,9317
EtrComputationType,NonMaterialCeSpecified,O,bool,,9333
EtrComputationType,OverallComputation,O,EtrComputationTypeOverallComputation,OverallComputation,9311
EtrComputationTypeCeComputation,AdjustedCoveredTax,R,EtrComputationTypeCeComputationAdjustedCoveredTax,AdjustedCoveredTax,9364
EtrComputationTypeCeComputation,AdjustedFanil,R,EtrComputationTypeCeComputationAdjustedFanil,AdjustedFANIL,9352
EtrComputationTypeCeComputation,AdjustedIncomeTax,R,EtrComputationTypeCeComputationAdjustedIncomeTax,AdjustedIncomeTax,9360
EtrComputationTypeCeComputation,Elections,O,EtrComputationTypeCeComputationElections,Elections,9371
EtrComputationTypeCeComputation,NetGlobeIncome,R,EtrComputationTypeCeComputationNetGlobeIncome,NetGlobeIncome,9356
EtrComputationTypeCeComputation,OtherFas,O,string,OtherFAS,9381
EtrComputationTypeCeComputation,Tin,R,TinType,TIN,9368
EtrComputationTypeCeComputationAdjustedCoveredTax,Adjustments,O,System.Collections.ObjectModel.Collection<EtrComputationTypeCeComputationAdjustedCoveredTaxAdjustments>,Adjustments,10091
EtrComputationTypeCeComputationAdjustedCoveredTax,AdjustmentsSpecified,O,bool,,10107
EtrComputationTypeCeComputationAdjustedCoveredTax,DeferTaxAdjustAmt,R,EtrComputationTypeCeComputationAdjustedCoveredTaxDeferTaxAdjustAmt,DeferTaxAdjustAmt,10125
EtrComputationTypeCeComputationAdjustedCoveredTax,Total,R,string,Total,10085
EtrComputationTypeCeComputationAdjustedCoveredTaxAdjustments,AdjustmentItem,R,CurrentAdjustedTaxEnumType,AdjustmentItem,10167
EtrComputationTypeCeComputationAdjustedCoveredTaxAdjustments,Amount,R,System.Collections.ObjectModel.Collection<string>,Amount,10141
EtrComputationTypeCeComputationAdjustedCoveredTaxDeferTaxAdjustAmt,Adjustment,O,System.Collections.ObjectModel.Collection<EtrComputationTypeCeComputationAdjustedCoveredTaxDeferTaxAdjustAmtAdjustment>,Adjustment,10190
EtrComputationTypeCeComputationAdjustedCoveredTaxDeferTaxAdjustAmt,AdjustmentSpecified,O,bool,,10206
EtrComputationTypeCeComputationAdjustedCoveredTaxDeferTaxAdjustAmt,DeferTaxExpense,R,string,DeferTaxExpense,10184
EtrComputationTypeCeComputationAdjustedCoveredTaxDeferTaxAdjustAmt,Total,R,string,Total,10180
EtrComputationTypeCeComputationAdjustedCoveredTaxDeferTaxAdjustAmtAdjustment,AdjustmentItem,R,DeferredAdjustedTaxEnumType,AdjustmentItem,10262
EtrComputationTypeCeComputationAdjustedCoveredTaxDeferTaxAdjustAmtAdjustment,Amount,R,System.Collections.ObjectModel.Collection<string>,Amount,10236
EtrComputationTypeCeComputationAdjustedCoveredTaxDeferTaxAdjustAmtAdjustment,Recast,O,EtrComputationTypeCeComputationAdjustedCoveredTaxDeferTaxAdjustAmtAdjustmentRecast,Recast,10265
EtrComputationTypeCeComputationAdjustedCoveredTaxDeferTaxAdjustAmtAdjustmentRecast,Higher,O,string,Higher,10278
EtrComputationTypeCeComputationAdjustedCoveredTaxDeferTaxAdjustAmtAdjustmentRecast,Lower,O,string,Lower,10281
EtrComputationTypeCeComputationAdjustedFanil,Adjustment,O,EtrComputationTypeCeComputationAdjustedFanilAdjustment,Adjustment,9401
EtrComputationTypeCeComputationAdjustedFanil,Fanil,R,string,FANIL,9398
EtrComputationTypeCeComputationAdjustedFanil,Total,R,string,Total,9394
EtrComputationTypeCeComputationAdjustedFanilAdjustment,CrossBorderAdjustments,O,System.Collections.ObjectModel.Collection<EtrComputationTypeCeComputationAdjustedFanilAdjustmentCrossBorderAdjustments>,CrossBorderAdjustments,9454
EtrComputationTypeCeComputationAdjustedFanilAdjustment,CrossBorderAdjustmentsSpecified,O,bool,,9470
EtrComputationTypeCeComputationAdjustedFanilAdjustment,MainEntityPEandFte,O,System.Collections.ObjectModel.Collection<EtrComputationTypeCeComputationAdjustedFanilAdjustmentMainEntityPEandFte>,MainEntityPEandFTE,9416
EtrComputationTypeCeComputationAdjustedFanilAdjustment,MainEntityPEandFteSpecified,O,bool,,9432
EtrComputationTypeCeComputationAdjustedFanilAdjustment,UpeAdjustments,O,System.Collections.ObjectModel.Collection<EtrComputationTypeCeComputationAdjustedFanilAdjustmentUpeAdjustments>,UPEAdjustments,9482
EtrComputationTypeCeComputationAdjustedFanilAdjustment,UpeAdjustmentsSpecified,O,bool,,9498
EtrComputationTypeCeComputationAdjustedFanilAdjustmentCrossBorderAdjustments,Additions,O,string,Additions,9575
EtrComputationTypeCeComputationAdjustedFanilAdjustmentCrossBorderAdjustments,Basis,R,CrossBorderAdjustmentsEnumType,Basis,9559
EtrComputationTypeCeComputationAdjustedFanilAdjustmentCrossBorderAdjustments,OtherTin,R,TinType,OtherTIN,9563
EtrComputationTypeCeComputationAdjustedFanilAdjustmentCrossBorderAdjustments,Reductions,O,string,Reductions,9578
EtrComputationTypeCeComputationAdjustedFanilAdjustmentCrossBorderAdjustments,ResCountryCode,O,Globe.CountryCodeType,ResCountryCode,9566
EtrComputationTypeCeComputationAdjustedFanilAdjustmentCrossBorderAdjustments,ResCountryCodeSpecified,O,bool,,9572
EtrComputationTypeCeComputationAdjustedFanilAdjustmentMainEntityPEandFte,Additions,R,string,Additions,9538
EtrComputationTypeCeComputationAdjustedFanilAdjustmentMainEntityPEandFte,Basis,R,MainEntityPEandFteBasisEnumType,Basis,9521
EtrComputationTypeCeComputationAdjustedFanilAdjustmentMainEntityPEandFte,OtherTin,R,TinType,OtherTIN,9525
EtrComputationTypeCeComputationAdjustedFanilAdjustmentMainEntityPEandFte,Reductions,R,string,Reductions,9542
EtrComputationTypeCeComputationAdjustedFanilAdjustmentMainEntityPEandFte,ResCountryCode,O,Globe.CountryCodeType,ResCountryCode,9528
EtrComputationTypeCeComputationAdjustedFanilAdjustmentMainEntityPEandFte,ResCountryCodeSpecified,O,bool,,9534
EtrComputationTypeCeComputationAdjustedFanilAdjustmentUpeAdjustments,Basis,R,UpeAdjustmentsBasisEnumType,Basis,9595
EtrComputationTypeCeComputationAdjustedFanilAdjustmentUpeAdjustments,IdentificationOfOwners,R,System.Collections.ObjectModel.Collection<EtrComputationTypeCeComputationAdjustedFanilAdjustmentUpeAdjustmentsIdentificationOfOwners>,IdentificationOfOwners,9605
EtrComputationTypeCeComputationAdjustedFanilAdjustmentUpeAdjustments,Reductions,O,EtrComputationTypeCeComputationAdjustedFanilAdjustmentUpeAdjustmentsReductions,Reductions,9598
EtrComputationTypeCeComputationAdjustedFanilAdjustmentUpeAdjustmentsIdentificationOfOwners,EntityOwner,O,EtrComputationTypeCeComputationAdjustedFanilAdjustmentUpeAdjustmentsIdentificationOfOwnersEntityOwner,EntityOwner,9670
EtrComputationTypeCeComputationAdjustedFanilAdjustmentUpeAdjustmentsIdentificationOfOwners,IndOwners,O,EtrComputationTypeCeComputationAdjustedFanilAdjustmentUpeAdjustmentsIdentificationOfOwnersIndOwners,IndOwners,9667
EtrComputationTypeCeComputationAdjustedFanilAdjustmentUpeAdjustmentsIdentificationOfOwners,OwnershipPercentage,R,decimal,OwnershipPercentage,9664
EtrComputationTypeCeComputationAdjustedFanilAdjustmentUpeAdjustmentsIdentificationOfOwnersEntityOwner,ExTypeOfEntity,O,ExTypeOfEntityEnumType,ExTypeOfEntity,9744
EtrComputationTypeCeComputationAdjustedFanilAdjustmentUpeAdjustmentsIdentificationOfOwnersEntityOwner,ExTypeOfEntitySpecified,O,bool,,9750
EtrComputationTypeCeComputationAdjustedFanilAdjustmentUpeAdjustmentsIdentificationOfOwnersEntityOwner,ResCountryCode,R,Globe.CountryCodeType,ResCountryCode,9726
EtrComputationTypeCeComputationAdjustedFanilAdjustmentUpeAdjustmentsIdentificationOfOwnersEntityOwner,TaxRate,O,decimal,TaxRate,9735
EtrComputationTypeCeComputationAdjustedFanilAdjustmentUpeAdjustmentsIdentificationOfOwnersEntityOwner,TaxRateSpecified,O,bool,,9741
EtrComputationTypeCeComputationAdjustedFanilAdjustmentUpeAdjustmentsIdentificationOfOwnersEntityOwner,Tin,R,TinType,TIN,9722
EtrComputationTypeCeComputationAdjustedFanilAdjustmentUpeAdjustmentsIdentificationOfOwnersIndOwners,NumOfOwners,R,string,NumOfOwners,9684
EtrComputationTypeCeComputationAdjustedFanilAdjustmentUpeAdjustmentsIdentificationOfOwnersIndOwners,ResCountryCode,O,Globe.CountryCodeType,ResCountryCode,9687
EtrComputationTypeCeComputationAdjustedFanilAdjustmentUpeAdjustmentsIdentificationOfOwnersIndOwners,ResCountryCodeSpecified,O,bool,,9693
EtrComputationTypeCeComputationAdjustedFanilAdjustmentUpeAdjustmentsIdentificationOfOwnersIndOwners,TaxRate,O,decimal,TaxRate,9702
EtrComputationTypeCeComputationAdjustedFanilAdjustmentUpeAdjustmentsIdentificationOfOwnersIndOwners,TaxRateSpecified,O,bool,,9708
EtrComputationTypeCeComputationAdjustedFanilAdjustmentUpeAdjustmentsReductions,Amount,O,string,Amount,9635
EtrComputationTypeCeComputationAdjustedFanilAdjustmentUpeAdjustmentsReductions,Exception,O,bool,Exception,9638
EtrComputationTypeCeComputationAdjustedFanilAdjustmentUpeAdjustmentsReductions,ExceptionSpecified,O,bool,,9644
EtrComputationTypeCeComputationAdjustedIncomeTax,CrossAllocation,O,System.Collections.ObjectModel.Collection<EtrComputationTypeCeComputationAdjustedIncomeTaxCrossAllocation>,CrossAllocation,9990
EtrComputationTypeCeComputationAdjustedIncomeTax,CrossAllocationSpecified,O,bool,,10006
EtrComputationTypeCeComputationAdjustedIncomeTax,IncomeTax,R,string,IncomeTax,9984
EtrComputationTypeCeComputationAdjustedIncomeTax,Total,R,string,Total,9980
EtrComputationTypeCeComputationAdjustedIncomeTaxCrossAllocation,Additions,O,string,Additions,10069
EtrComputationTypeCeComputationAdjustedIncomeTaxCrossAllocation,Basis,R,System.Collections.ObjectModel.Collection<AdjustedBasisEnumType>,Basis,10040
EtrComputationTypeCeComputationAdjustedIncomeTaxCrossAllocation,OtherTin,R,TinType,OtherTIN,10062
EtrComputationTypeCeComputationAdjustedIncomeTaxCrossAllocation,Reductions,O,string,Reductions,10072
EtrComputationTypeCeComputationAdjustedIncomeTaxCrossAllocation,ResCountryCode,R,Globe.CountryCodeType,ResCountryCode,10066
EtrComputationTypeCeComputationElections,AggregatedReporting,O,EtrComputationTypeCeComputationElectionsAggregatedReporting,AggregatedReporting,10367
EtrComputationTypeCeComputationElections,Art153,O,EtrComputationTypeCeComputationElectionsArt153,Art1.5.3,10293
EtrComputationTypeCeComputationElections,Art321,O,bool,Art3.2.1,10305
EtrComputationTypeCeComputationElections,Art321B,O,EtrComputationTypeCeComputationElectionsArt321B,Art3.2.1b,10323
EtrComputationTypeCeComputationElections,Art321C,O,EtrComputationTypeCeComputationElectionsArt321C,Art3.2.1c,10326
EtrComputationTypeCeComputationElections,Art321Specified,O,bool,,10311
EtrComputationTypeCeComputationElections,Art447,O,EtrComputationTypeCeComputationElectionsArt447,Art4.4.7,10370
EtrComputationTypeCeComputationElections,Art456,O,EtrComputationTypeCeComputationElectionsArt456,Art4.5.6,10373
EtrComputationTypeCeComputationElections,Art634,O,System.Collections.ObjectModel.Collection<EtrComputationTypeCeComputationElectionsArt634>,Art6.3.4,10332
EtrComputationTypeCeComputationElections,Art634Specified,O,bool,,10348
EtrComputationTypeCeComputationElections,Art75,O,System.Collections.ObjectModel.Collection<EtrComputationTypeCeComputationElectionsArt75>,Art7.5,10379
EtrComputationTypeCeComputationElections,Art75Specified,O,bool,,10395
EtrComputationTypeCeComputationElections,Art76,O,System.Collections.ObjectModel.Collection<EtrComputationTypeCeComputationElectionsArt76>,Art7.6,10407
EtrComputationTypeCeComputationElections,Art76Specified,O,bool,,10423
EtrComputationTypeCeComputationElections,KArt447C,O,bool,KArt4.4.7.c,10314
EtrComputationTypeCeComputationElections,KArt447CSpecified,O,bool,,10320
EtrComputationTypeCeComputationElections,SimplCalculations,O,bool,SimplCalculations,10296
EtrComputationTypeCeComputationElections,SimplCalculationsSpecified,O,bool,,10302
EtrComputationTypeCeComputationElectionsAggregatedReporting,EntityTin,R,System.Collections.ObjectModel.Collection<TinType>,EntityTIN,10586
EtrComputationTypeCeComputationElectionsAggregatedReporting,TaxConsolGroupTin,R,TinType,TaxConsolGroupTIN,10579
EtrComputationTypeCeComputationElectionsArt153,ElectionYear,O,System.DateTime,ElectionYear,10445
EtrComputationTypeCeComputationElectionsArt153,ElectionYearSpecified,O,bool,,10451
EtrComputationTypeCeComputationElectionsArt153,RevocationYear,O,System.DateTime,RevocationYear,10454
EtrComputationTypeCeComputationElectionsArt153,RevocationYearSpecified,O,bool,,10460
EtrComputationTypeCeComputationElectionsArt153,Status,R,bool,Status,10442
EtrComputationTypeCeComputationElectionsArt321B,ElectionYear,O,System.DateTime,ElectionYear,10476
EtrComputationTypeCeComputationElectionsArt321B,ElectionYearSpecified,O,bool,,10482
EtrComputationTypeCeComputationElectionsArt321B,RevocationYear,O,System.DateTime,RevocationYear,10485
EtrComputationTypeCeComputationElectionsArt321B,RevocationYearSpecified,O,bool,,10491
EtrComputationTypeCeComputationElectionsArt321B,Status,R,bool,Status,10473
EtrComputationTypeCeComputationElectionsArt321C,ElectionYear,O,System.DateTime,ElectionYear,10507
EtrComputationTypeCeComputationElectionsArt321C,ElectionYearSpecified,O,bool,,10513
EtrComputationTypeCeComputationElectionsArt321C,RevocationYear,O,System.DateTime,RevocationYear,10516
EtrComputationTypeCeComputationElectionsArt321C,RevocationYearSpecified,O,bool,,10522
EtrComputationTypeCeComputationElectionsArt321C,Status,R,bool,Status,10504
EtrComputationTypeCeComputationElectionsArt447,ElectionYear,O,System.DateTime,ElectionYear,10620
EtrComputationTypeCeComputationElectionsArt447,ElectionYearSpecified,O,bool,,10626
EtrComputationTypeCeComputationElectionsArt447,RevocationYear,O,System.DateTime,RevocationYear,10629
EtrComputationTypeCeComputationElectionsArt447,RevocationYearSpecified,O,bool,,10635
EtrComputationTypeCeComputationElectionsArt447,Status,R,bool,Status,10617
EtrComputationTypeCeComputationElectionsArt456,ElectionYear,O,System.DateTime,ElectionYear,10651
EtrComputationTypeCeComputationElectionsArt456,ElectionYearSpecified,O,bool,,10657
EtrComputationTypeCeComputationElectionsArt456,RevocationYear,O,System.DateTime,RevocationYear,10660
EtrComputationTypeCeComputationElectionsArt456,RevocationYearSpecified,O,bool,,10666
EtrComputationTypeCeComputationElectionsArt456,Status,R,bool,Status,10648
EtrComputationTypeCeComputationElectionsArt634,FyTriggerEvent,R,System.DateTime,FYTriggerEvent,10535
EtrComputationTypeCeComputationElectionsArt634,Inclusion,R,EtrComputationTypeCeComputationElectionsArt634Inclusion,Inclusion,10539
EtrComputationTypeCeComputationElectionsArt634Inclusion,Art634CI,O,bool,Art6.3.4.c.i,10551
EtrComputationTypeCeComputationElectionsArt634Inclusion,Art634CIi,O,bool,Art6.3.4.c.ii,10560
EtrComputationTypeCeComputationElectionsArt634Inclusion,Art634CIiSpecified,O,bool,,10566
EtrComputationTypeCeComputationElectionsArt634Inclusion,Art634CISpecified,O,bool,,10557
EtrComputationTypeCeComputationElectionsArt75,CeOwnerTin,O,System.Collections.ObjectModel.Collection<TinType>,CEOwnerTIN,10703
EtrComputationTypeCeComputationElectionsArt75,CeOwnerTinSpecified,O,bool,,10719
EtrComputationTypeCeComputationElectionsArt75,ElectionYear,O,System.DateTime,ElectionYear,10682
EtrComputationTypeCeComputationElectionsArt75,ElectionYearSpecified,O,bool,,10688
EtrComputationTypeCeComputationElectionsArt75,RevocationYear,O,System.DateTime,RevocationYear,10691
EtrComputationTypeCeComputationElectionsArt75,RevocationYearSpecified,O,bool,,10697
EtrComputationTypeCeComputationElectionsArt75,Status,R,bool,Status,10679
EtrComputationTypeCeComputationElectionsArt76,ActualDeemedDist,R,string,ActualDeemedDist,10763
EtrComputationTypeCeComputationElectionsArt76,ElectionYear,R,System.DateTime,ElectionYear,10750
EtrComputationTypeCeComputationElectionsArt76,InvestmentEntityTin,R,TinType,InvestmentEntityTIN,10781
EtrComputationTypeCeComputationElectionsArt76,LocalCreditableTaxGross,R,string,LocalCreditableTaxGross,10767
EtrComputationTypeCeComputationElectionsArt76,RevocationYear,O,System.DateTime,RevocationYear,10753
EtrComputationTypeCeComputationElectionsArt76,RevocationYearSpecified,O,bool,,10759
EtrComputationTypeCeComputationElectionsArt76,ShareOfUndistNetGlobeInc,R,decimal,ShareOfUndistNetGlobeInc,10777
EtrComputationTypeCeComputationElectionsArt76,Status,R,bool,Status,10746
EtrComputationTypeCeComputationNetGlobeIncome,Adjustments,O,System.Collections.ObjectModel.Collection<EtrComputationTypeCeComputationNetGlobeIncomeAdjustments>,Adjustments,9769
EtrComputationTypeCeComputationNetGlobeIncome,AdjustmentsSpecified,O,bool,,9785
EtrComputationTypeCeComputationNetGlobeIncome,IntShippingIncome,O,EtrComputationTypeCeComputationNetGlobeIncomeIntShippingIncome,IntShippingIncome,9802
EtrComputationTypeCeComputationNetGlobeIncome,Total,R,string,Total,9763
EtrComputationTypeCeComputationNetGlobeIncomeAdjustments,AdjustmentItem,R,AdjustmentItemEnumType,AdjustmentItem,9844
EtrComputationTypeCeComputationNetGlobeIncomeAdjustments,Amount,R,System.Collections.ObjectModel.Collection<string>,Amount,9818
EtrComputationTypeCeComputationNetGlobeIncomeIntShippingIncome,CoveredTaxes,R,string,CoveredTaxes,9869
EtrComputationTypeCeComputationNetGlobeIncomeIntShippingIncome,InternationalShipIncome,R,EtrComputationTypeCeComputationNetGlobeIncomeIntShippingIncomeInternationalShipIncome,InternationalShipIncome,9857
EtrComputationTypeCeComputationNetGlobeIncomeIntShippingIncome,QualifiedAncShipIncome,R,EtrComputationTypeCeComputationNetGlobeIncomeIntShippingIncomeQualifiedAncShipIncome,QualifiedAncShipIncome,9861
EtrComputationTypeCeComputationNetGlobeIncomeIntShippingIncome,SubstanceExclusion,R,EtrComputationTypeCeComputationNetGlobeIncomeIntShippingIncomeSubstanceExclusion,SubstanceExclusion,9865
EtrComputationTypeCeComputationNetGlobeIncomeIntShippingIncomeInternationalShipIncome,Category,R,System.Collections.ObjectModel.Collection<IntShipCategoryEnumType>,Category,9894
EtrComputationTypeCeComputationNetGlobeIncomeIntShippingIncomeInternationalShipIncome,Costs,R,string,Costs,9920
EtrComputationTypeCeComputationNetGlobeIncomeIntShippingIncomeInternationalShipIncome,Revenue,R,string,Revenue,9916
EtrComputationTypeCeComputationNetGlobeIncomeIntShippingIncomeInternationalShipIncome,Total,R,string,Total,9883
EtrComputationTypeCeComputationNetGlobeIncomeIntShippingIncomeQualifiedAncShipIncome,Category,R,AncShipCategoryEnumType,Category,9942
EtrComputationTypeCeComputationNetGlobeIncomeIntShippingIncomeQualifiedAncShipIncome,Costs,R,string,Costs,9950
EtrComputationTypeCeComputationNetGlobeIncomeIntShippingIncomeQualifiedAncShipIncome,Revenue,R,string,Revenue,9946
EtrComputationTypeCeComputationNetGlobeIncomeIntShippingIncomeQualifiedAncShipIncome,Total,R,string,Total,9934
EtrComputationTypeCeComputationNetGlobeIncomeIntShippingIncomeSubstanceExclusion,PayrollCosts,R,string,PayrollCosts,9963
EtrComputationTypeCeComputationNetGlobeIncomeIntShippingIncomeSubstanceExclusion,TangibleAssets,R,string,TangibleAssets,9967
EtrComputationTypeNonMaterialCe,Average,R,EtrComputationTypeNonMaterialCeAverage,Average,12391
EtrComputationTypeNonMaterialCe,Id,R,IdType,ID,12395
EtrComputationTypeNonMaterialCe,Rfy,R,EtrComputationTypeNonMaterialCeRfy,RFY,12381
EtrComputationTypeNonMaterialCe,Rfy1,O,EtrComputationTypeNonMaterialCeRfy1,RFY-1,12384
EtrComputationTypeNonMaterialCe,Rfy2,O,EtrComputationTypeNonMaterialCeRfy2,RFY-2,12387
EtrComputationTypeNonMaterialCeAverage,TotalRevenue,R,string,TotalRevenue,12450
EtrComputationTypeNonMaterialCeRfy,AggregateSimplified,O,string,AggregateSimplified,12411
EtrComputationTypeNonMaterialCeRfy,TotalRevenue,R,string,TotalRevenue,12408
EtrComputationTypeNonMaterialCeRfy1,TotalRevenue,R,string,TotalRevenue,12424
EtrComputationTypeNonMaterialCeRfy2,TotalRevenue,R,string,TotalRevenue,12437
EtrComputationTypeOverallComputation,AdditionalTopUpTax,O,EtrComputationTypeOverallComputationAdditionalTopUpTax,AdditionalTopUpTax,10839
EtrComputationTypeOverallComputation,AdjustedCoveredTax,O,EtrComputationTypeOverallComputationAdjustedCoveredTax,AdjustedCoveredTax,10829
EtrComputationTypeOverallComputation,AdjustedFanil,R,string,AdjustedFANIL,10798
EtrComputationTypeOverallComputation,EtrRate,R,decimal,ETRRate,10816
EtrComputationTypeOverallComputation,ExcessNegTaxExpense,R,EtrComputationTypeOverallComputationExcessNegTaxExpense,ExcessNegTaxExpense,10850
EtrComputationTypeOverallComputation,ExcessProfits,R,string,ExcessProfits,10836
EtrComputationTypeOverallComputation,Fanil,R,string,FANIL,10794
EtrComputationTypeOverallComputation,IncomeTaxExpense,R,string,IncomeTaxExpense,10806
EtrComputationTypeOverallComputation,NetGlobeIncome,R,EtrComputationTypeOverallComputationNetGlobeIncome,NetGlobeIncome,10802
EtrComputationTypeOverallComputation,Qdmtt,O,EtrComputationTypeOverallComputationQdmtt,QDMTT,10842
EtrComputationTypeOverallComputation,SubstanceExclusion,O,EtrComputationTypeOverallComputationSubstanceExclusion,SubstanceExclusion,10832
EtrComputationTypeOverallComputation,TopUpTax,R,string,TopUpTax,10846
EtrComputationTypeOverallComputation,TopUpTaxPercentage,R,decimal,TopUpTaxPercentage,10826
EtrComputationTypeOverallComputationAdditionalTopUpTax,Art415,O,EtrComputationTypeOverallComputationAdditionalTopUpTaxArt415,Art4.1.5,12068
EtrComputationTypeOverallComputationAdditionalTopUpTax,NonArt415,O,System.Collections.ObjectModel.Collection<EtrComputationTypeOverallComputationAdditionalTopUpTaxNonArt415>,NONArt4.1.5,12035
EtrComputationTypeOverallComputationAdditionalTopUpTax,NonArt415Specified,O,bool,,12051
EtrComputationTypeOverallComputationAdditionalTopUpTaxArt415,AdditionalTopUpTax,R,string,AdditionalTopUpTax,12237
EtrComputationTypeOverallComputationAdditionalTopUpTaxArt415,AdjustedCoveredTax,R,string,AdjustedCoveredTax,12225
EtrComputationTypeOverallComputationAdditionalTopUpTaxArt415,ExpectedAdjustedCoveredTax,R,string,ExpectedAdjustedCoveredTax,12233
EtrComputationTypeOverallComputationAdditionalTopUpTaxArt415,GlobeLoss,R,string,GlobeLoss,12229
EtrComputationTypeOverallComputationAdditionalTopUpTaxNonArt415,AdditionalTopUpTax,R,string,AdditionalTopUpTax,12122
EtrComputationTypeOverallComputationAdditionalTopUpTaxNonArt415,Articles,R,System.Collections.ObjectModel.Collection<NonArt415EnumType>,Articles,12088
EtrComputationTypeOverallComputationAdditionalTopUpTaxNonArt415,Previous,R,EtrComputationTypeOverallComputationAdditionalTopUpTaxNonArt415Previous,Previous,12114
EtrComputationTypeOverallComputationAdditionalTopUpTaxNonArt415,Recalculated,R,EtrComputationTypeOverallComputationAdditionalTopUpTaxNonArt415Recalculated,Recalculated,12118
EtrComputationTypeOverallComputationAdditionalTopUpTaxNonArt415,Year,R,System.DateTime,Year,12110
EtrComputationTypeOverallComputationAdditionalTopUpTaxNonArt415Previous,AdjustedCoveredTax,R,string,AdjustedCoveredTax,12139
EtrComputationTypeOverallComputationAdditionalTopUpTaxNonArt415Previous,EtrRate,R,decimal,ETRRate,12149
EtrComputationTypeOverallComputationAdditionalTopUpTaxNonArt415Previous,ExcessProfits,R,string,ExcessProfits,12153
EtrComputationTypeOverallComputationAdditionalTopUpTaxNonArt415Previous,NetGlobeIncome,R,string,NetGlobeIncome,12135
EtrComputationTypeOverallComputationAdditionalTopUpTaxNonArt415Previous,TopUpTax,R,string,TopUpTax,12167
EtrComputationTypeOverallComputationAdditionalTopUpTaxNonArt415Previous,TopUpTaxPercentage,R,decimal,TopUpTaxPercentage,12163
EtrComputationTypeOverallComputationAdditionalTopUpTaxNonArt415Recalculated,AdjustedCoveredTax,R,string,AdjustedCoveredTax,12184
EtrComputationTypeOverallComputationAdditionalTopUpTaxNonArt415Recalculated,EtrRate,R,decimal,ETRRate,12194
EtrComputationTypeOverallComputationAdditionalTopUpTaxNonArt415Recalculated,ExcessProfits,R,string,ExcessProfits,12198
EtrComputationTypeOverallComputationAdditionalTopUpTaxNonArt415Recalculated,NetGlobeIncome,R,string,NetGlobeIncome,12180
EtrComputationTypeOverallComputationAdditionalTopUpTaxNonArt415Recalculated,TopUpTax,R,string,TopUpTax,12212
EtrComputationTypeOverallComputationAdditionalTopUpTaxNonArt415Recalculated,TopUpTaxPercentage,R,decimal,TopUpTaxPercentage,12208
EtrComputationTypeOverallComputationAdjustedCoveredTax,Adjustments,O,System.Collections.ObjectModel.Collection<EtrComputationTypeOverallComputationAdjustedCoveredTaxAdjustments>,Adjustments,10974
EtrComputationTypeOverallComputationAdjustedCoveredTax,AdjustmentsSpecified,O,bool,,10990
EtrComputationTypeOverallComputationAdjustedCoveredTax,AggregrateCurrentTax,R,string,AggregrateCurrentTax,10968
EtrComputationTypeOverallComputationAdjustedCoveredTax,DeemedDistTax,O,EtrComputationTypeOverallComputationAdjustedCoveredTaxDeemedDistTax,DeemedDistTax,11010
EtrComputationTypeOverallComputationAdjustedCoveredTax,DeferTaxAdjustAmt,O,EtrComputationTypeOverallComputationAdjustedCoveredTaxDeferTaxAdjustAmt,DeferTaxAdjustAmt,11013
EtrComputationTypeOverallComputationAdjustedCoveredTax,PostFilingAdjust,O,EtrComputationTypeOverallComputationAdjustedCoveredTaxPostFilingAdjust,PostFilingAdjust,11007
EtrComputationTypeOverallComputationAdjustedCoveredTax,Total,R,string,Total,10964
EtrComputationTypeOverallComputationAdjustedCoveredTax,TransBlendCfc,O,EtrComputationTypeOverallComputationAdjustedCoveredTaxTransBlendCfc,TransBlendCFC,11016
EtrComputationTypeOverallComputationAdjustedCoveredTaxAdjustments,AdjustmentItem,R,FinalAdjustedTaxEnumType,AdjustmentItem,11037
EtrComputationTypeOverallComputationAdjustedCoveredTaxAdjustments,Amount,R,string,Amount,11029
EtrComputationTypeOverallComputationAdjustedCoveredTaxDeemedDistTax,Election,O,EtrComputationTypeOverallComputationAdjustedCoveredTaxDeemedDistTaxElection,Election,11206
EtrComputationTypeOverallComputationAdjustedCoveredTaxDeemedDistTax,Total,R,string,Total,11203
EtrComputationTypeOverallComputationAdjustedCoveredTaxDeemedDistTaxElection,IncrementalTopUpTax,R,string,IncrementalTopUpTax,11248
EtrComputationTypeOverallComputationAdjustedCoveredTaxDeemedDistTaxElection,Ratio,R,decimal,Ratio,11258
EtrComputationTypeOverallComputationAdjustedCoveredTaxDeemedDistTaxElection,Recapture,R,System.Collections.ObjectModel.Collection<EtrComputationTypeOverallComputationAdjustedCoveredTaxDeemedDistTaxElectionRecapture>,Recapture,11222
EtrComputationTypeOverallComputationAdjustedCoveredTaxDeemedDistTaxElection,Reduction,R,string,Reduction,11244
EtrComputationTypeOverallComputationAdjustedCoveredTaxDeemedDistTaxElectionRecapture,DdtYear0,R,string,DDTYear-0,11280
EtrComputationTypeOverallComputationAdjustedCoveredTaxDeemedDistTaxElectionRecapture,DdtYear1,R,string,DDTYear-1,11284
EtrComputationTypeOverallComputationAdjustedCoveredTaxDeemedDistTaxElectionRecapture,DdtYear2,R,string,DDTYear-2,11288
EtrComputationTypeOverallComputationAdjustedCoveredTaxDeemedDistTaxElectionRecapture,DdtYear3,R,string,DDTYear-3,11292
EtrComputationTypeOverallComputationAdjustedCoveredTaxDeemedDistTaxElectionRecapture,EndAmount,R,string,EndAmount,11300
EtrComputationTypeOverallComputationAdjustedCoveredTaxDeemedDistTaxElectionRecapture,StartAmount,R,string,StartAmount,11276
EtrComputationTypeOverallComputationAdjustedCoveredTaxDeemedDistTaxElectionRecapture,TotalDdt,R,string,TotalDDT,11296
EtrComputationTypeOverallComputationAdjustedCoveredTaxDeemedDistTaxElectionRecapture,Year,R,System.DateTime,Year,11272
EtrComputationTypeOverallComputationAdjustedCoveredTaxDeferTaxAdjustAmt,Adjustments,O,System.Collections.ObjectModel.Collection<EtrComputationTypeOverallComputationAdjustedCoveredTaxDeferTaxAdjustAmtAdjustments>,Adjustments,11346
EtrComputationTypeOverallComputationAdjustedCoveredTaxDeferTaxAdjustAmt,AdjustmentsSpecified,O,bool,,11362
EtrComputationTypeOverallComputationAdjustedCoveredTaxDeferTaxAdjustAmt,BefRecastAdjust,R,string,BefRecastAdjust,11329
EtrComputationTypeOverallComputationAdjustedCoveredTaxDeferTaxAdjustAmt,DefTaxAmt,R,string,DefTaxAmt,11317
EtrComputationTypeOverallComputationAdjustedCoveredTaxDeferTaxAdjustAmt,DiffCarryValue,R,string,DiffCarryValue,11321
EtrComputationTypeOverallComputationAdjustedCoveredTaxDeferTaxAdjustAmt,GLoBeValue,R,string,GLoBEValue,11325
EtrComputationTypeOverallComputationAdjustedCoveredTaxDeferTaxAdjustAmt,PreRecast,R,string,PreRecast,11337
EtrComputationTypeOverallComputationAdjustedCoveredTaxDeferTaxAdjustAmt,Recast,O,EtrComputationTypeOverallComputationAdjustedCoveredTaxDeferTaxAdjustAmtRecast,Recast,11340
EtrComputationTypeOverallComputationAdjustedCoveredTaxDeferTaxAdjustAmt,Total,R,string,Total,11313
EtrComputationTypeOverallComputationAdjustedCoveredTaxDeferTaxAdjustAmt,TotalAdjust,R,string,TotalAdjust,11333
EtrComputationTypeOverallComputationAdjustedCoveredTaxDeferTaxAdjustAmt,Transition,O,System.Collections.ObjectModel.Collection<EtrComputationTypeOverallComputationAdjustedCoveredTaxDeferTaxAdjustAmtTransition>,Transition,11383
EtrComputationTypeOverallComputationAdjustedCoveredTaxDeferTaxAdjustAmt,TransitionSpecified,O,bool,,11399
EtrComputationTypeOverallComputationAdjustedCoveredTaxDeferTaxAdjustAmtAdjustments,AdjustmentItem,R,DeferredAdjustedTaxEnumType,AdjustmentItem,11442
EtrComputationTypeOverallComputationAdjustedCoveredTaxDeferTaxAdjustAmtAdjustments,Amount,R,string,Amount,11434
EtrComputationTypeOverallComputationAdjustedCoveredTaxDeferTaxAdjustAmtAdjustments,RecaptureDeferred,R,EtrComputationTypeOverallComputationAdjustedCoveredTaxDeferTaxAdjustAmtAdjustmentsRecaptureDeferred,RecaptureDeferred,11446
EtrComputationTypeOverallComputationAdjustedCoveredTaxDeferTaxAdjustAmtAdjustmentsRecaptureDeferred,AggregateDtl,R,EtrComputationTypeOverallComputationAdjustedCoveredTaxDeferTaxAdjustAmtAdjustmentsRecaptureDeferredAggregateDtl,AggregateDTL,11472
EtrComputationTypeOverallComputationAdjustedCoveredTaxDeferTaxAdjustAmtAdjustmentsRecaptureDeferred,Dtlrfy,R,string,DTLRFY,11468
EtrComputationTypeOverallComputationAdjustedCoveredTaxDeferTaxAdjustAmtAdjustmentsRecaptureDeferred,DtlrfyMinus5,R,string,DTLRFYMinus5,11460
EtrComputationTypeOverallComputationAdjustedCoveredTaxDeferTaxAdjustAmtAdjustmentsRecaptureDeferred,RecapDtlrfyMinus5,R,string,RecapDTLRFYMinus5,11464
EtrComputationTypeOverallComputationAdjustedCoveredTaxDeferTaxAdjustAmtAdjustmentsRecaptureDeferredAggregateDtl,PriorFiscalYear,R,EtrComputationTypeOverallComputationAdjustedCoveredTaxDeferTaxAdjustAmtAdjustmentsRecaptureDeferredAggregateDtlPriorFiscalYear,PriorFiscalYear,11490
EtrComputationTypeOverallComputationAdjustedCoveredTaxDeferTaxAdjustAmtAdjustmentsRecaptureDeferredAggregateDtl,ReportingFiscalYear,R,EtrComputationTypeOverallComputationAdjustedCoveredTaxDeferTaxAdjustAmtAdjustmentsRecaptureDeferredAggregateDtlReportingFiscalYear,ReportingFiscalYear,11486
EtrComputationTypeOverallComputationAdjustedCoveredTaxDeferTaxAdjustAmtAdjustmentsRecaptureDeferredAggregateDtlPriorFiscalYear,AmountOutBalance,R,string,AmountOutBalance,11530
EtrComputationTypeOverallComputationAdjustedCoveredTaxDeferTaxAdjustAmtAdjustmentsRecaptureDeferredAggregateDtlPriorFiscalYear,AmountPreTransition,R,string,AmountPreTransition,11526
EtrComputationTypeOverallComputationAdjustedCoveredTaxDeferTaxAdjustAmtAdjustmentsRecaptureDeferredAggregateDtlPriorFiscalYear,AmountUnjustified,R,string,AmountUnjustified,11534
EtrComputationTypeOverallComputationAdjustedCoveredTaxDeferTaxAdjustAmtAdjustmentsRecaptureDeferredAggregateDtlReportingFiscalYear,AmountOutBalance,R,string,AmountOutBalance,11508
EtrComputationTypeOverallComputationAdjustedCoveredTaxDeferTaxAdjustAmtAdjustmentsRecaptureDeferredAggregateDtlReportingFiscalYear,AmountPreTransition,R,string,AmountPreTransition,11504
EtrComputationTypeOverallComputationAdjustedCoveredTaxDeferTaxAdjustAmtAdjustmentsRecaptureDeferredAggregateDtlReportingFiscalYear,AmountUnjustified,R,string,AmountUnjustified,11512
EtrComputationTypeOverallComputationAdjustedCoveredTaxDeferTaxAdjustAmtRecast,Higher,O,string,Higher,11417
EtrComputationTypeOverallComputationAdjustedCoveredTaxDeferTaxAdjustAmtRecast,Lower,O,string,Lower,11420
EtrComputationTypeOverallComputationAdjustedCoveredTaxDeferTaxAdjustAmtTransition,AltJurisdiction,O,Globe.CountryCodeType,AltJurisdiction,11595
EtrComputationTypeOverallComputationAdjustedCoveredTaxDeferTaxAdjustAmtTransition,AltJurisdictionSpecified,O,bool,,11601
EtrComputationTypeOverallComputationAdjustedCoveredTaxDeferTaxAdjustAmtTransition,DeferredTaxAssets,O,EtrComputationTypeOverallComputationAdjustedCoveredTaxDeferTaxAdjustAmtTransitionDeferredTaxAssets,DeferredTaxAssets,11556
EtrComputationTypeOverallComputationAdjustedCoveredTaxDeferTaxAdjustAmtTransition,DeferredTaxLiabilityRecast,O,string,DeferredTaxLiabilityRecast,11553
EtrComputationTypeOverallComputationAdjustedCoveredTaxDeferTaxAdjustAmtTransition,DeferredTaxLiabilityStart,O,string,DeferredTaxLiabilityStart,11550
EtrComputationTypeOverallComputationAdjustedCoveredTaxDeferTaxAdjustAmtTransition,Disposal,O,System.Collections.ObjectModel.Collection<EtrComputationTypeOverallComputationAdjustedCoveredTaxDeferTaxAdjustAmtTransitionDisposal>,Disposal,11562
EtrComputationTypeOverallComputationAdjustedCoveredTaxDeferTaxAdjustAmtTransition,DisposalSpecified,O,bool,,11578
EtrComputationTypeOverallComputationAdjustedCoveredTaxDeferTaxAdjustAmtTransition,Year,R,System.DateTime,Year,11547
EtrComputationTypeOverallComputationAdjustedCoveredTaxDeferTaxAdjustAmtTransitionDeferredTaxAssets,DeferredTaxAssetExcluded,R,string,DeferredTaxAssetExcluded,11627
EtrComputationTypeOverallComputationAdjustedCoveredTaxDeferTaxAdjustAmtTransitionDeferredTaxAssets,DeferredTaxAssetRecast,R,string,DeferredTaxAssetRecast,11623
EtrComputationTypeOverallComputationAdjustedCoveredTaxDeferTaxAdjustAmtTransitionDeferredTaxAssets,DeferredTaxAssetStart,R,string,DeferredTaxAssetStart,11619
EtrComputationTypeOverallComputationAdjustedCoveredTaxDeferTaxAdjustAmtTransitionDeferredTaxAssets,Total,R,string,Total,11615
EtrComputationTypeOverallComputationAdjustedCoveredTaxDeferTaxAdjustAmtTransitionDisposal,CarryingValue,R,string,CarryingValue,11649
EtrComputationTypeOverallComputationAdjustedCoveredTaxDeferTaxAdjustAmtTransitionDisposal,Dtadtl,R,string,DTADTL,11657
EtrComputationTypeOverallComputationAdjustedCoveredTaxDeferTaxAdjustAmtTransitionDisposal,NetDtadtl,R,string,NetDTADTL,11645
EtrComputationTypeOverallComputationAdjustedCoveredTaxDeferTaxAdjustAmtTransitionDisposal,ResCountryCode,R,Globe.CountryCodeType,ResCountryCode,11641
EtrComputationTypeOverallComputationAdjustedCoveredTaxDeferTaxAdjustAmtTransitionDisposal,TaxPaid,R,string,TaxPaid,11653
EtrComputationTypeOverallComputationAdjustedCoveredTaxPostFilingAdjust,CoveredTaxRefund,R,EtrComputationTypeOverallComputationAdjustedCoveredTaxPostFilingAdjustCoveredTaxRefund,CoveredTaxRefund,11054
EtrComputationTypeOverallComputationAdjustedCoveredTaxPostFilingAdjust,DeferTaxAsset,R,EtrComputationTypeOverallComputationAdjustedCoveredTaxPostFilingAdjustDeferTaxAsset,DeferTaxAsset,11050
EtrComputationTypeOverallComputationAdjustedCoveredTaxPostFilingAdjustCoveredTaxRefund,AmountAttributed,O,System.Collections.ObjectModel.Collection<EtrComputationTypeOverallComputationAdjustedCoveredTaxPostFilingAdjustCoveredTaxRefundAmountAttributed>,AmountAttributed,11142
EtrComputationTypeOverallComputationAdjustedCoveredTaxPostFilingAdjustCoveredTaxRefund,AmountAttributedSpecified,O,bool,,11158
EtrComputationTypeOverallComputationAdjustedCoveredTaxPostFilingAdjustCoveredTaxRefund,Total,R,string,Total,11136
EtrComputationTypeOverallComputationAdjustedCoveredTaxPostFilingAdjustCoveredTaxRefundAmountAttributed,Amount,R,string,Amount,11190
EtrComputationTypeOverallComputationAdjustedCoveredTaxPostFilingAdjustCoveredTaxRefundAmountAttributed,Year,R,System.DateTime,Year,11186
EtrComputationTypeOverallComputationAdjustedCoveredTaxPostFilingAdjustDeferTaxAsset,AmountAttributed,O,System.Collections.ObjectModel.Collection<EtrComputationTypeOverallComputationAdjustedCoveredTaxPostFilingAdjustDeferTaxAssetAmountAttributed>,AmountAttributed,11074
EtrComputationTypeOverallComputationAdjustedCoveredTaxPostFilingAdjustDeferTaxAsset,AmountAttributedSpecified,O,bool,,11090
EtrComputationTypeOverallComputationAdjustedCoveredTaxPostFilingAdjustDeferTaxAsset,Total,R,string,Total,11068
EtrComputationTypeOverallComputationAdjustedCoveredTaxPostFilingAdjustDeferTaxAssetAmountAttributed,Amount,R,string,Amount,11122
EtrComputationTypeOverallComputationAdjustedCoveredTaxPostFilingAdjustDeferTaxAssetAmountAttributed,Year,R,System.DateTime,Year,11118
EtrComputationTypeOverallComputationAdjustedCoveredTaxTransBlendCfc,CfcJur,R,System.Collections.ObjectModel.Collection<EtrComputationTypeOverallComputationAdjustedCoveredTaxTransBlendCfcCfcJur>,CFCJur,11673
EtrComputationTypeOverallComputationAdjustedCoveredTaxTransBlendCfc,Total,R,string,Total,11695
EtrComputationTypeOverallComputationAdjustedCoveredTaxTransBlendCfcCfcJur,Allocation,R,EtrComputationTypeOverallComputationAdjustedCoveredTaxTransBlendCfcCfcJurAllocation,Allocation,11712
EtrComputationTypeOverallComputationAdjustedCoveredTaxTransBlendCfcCfcJur,Jurisdiction,R,Globe.CountryCodeType,Jurisdiction,11708
EtrComputationTypeOverallComputationAdjustedCoveredTaxTransBlendCfcCfcJurAllocation,AggAllocTax,R,string,AggAllocTax,11730
EtrComputationTypeOverallComputationAdjustedCoveredTaxTransBlendCfcCfcJurAllocation,SubGroupTin,R,TinType,SubGroupTIN,11726
EtrComputationTypeOverallComputationExcessNegTaxExpense,GeneratedInRfy,R,string,GeneratedInRFY,12360
EtrComputationTypeOverallComputationExcessNegTaxExpense,PriorYearBalance,R,string,PriorYearBalance,12356
EtrComputationTypeOverallComputationExcessNegTaxExpense,Remaining,R,string,Remaining,12368
EtrComputationTypeOverallComputationExcessNegTaxExpense,UtilizedInRfy,R,string,UtilizedInRFY,12364
EtrComputationTypeOverallComputationNetGlobeIncome,Adjustments,O,System.Collections.ObjectModel.Collection<EtrComputationTypeOverallComputationNetGlobeIncomeAdjustments>,Adjustments,10869
EtrComputationTypeOverallComputationNetGlobeIncome,AdjustmentsSpecified,O,bool,,10885
EtrComputationTypeOverallComputationNetGlobeIncome,IntShippingIncome,O,EtrComputationTypeOverallComputationNetGlobeIncomeIntShippingIncome,IntShippingIncome,10902
EtrComputationTypeOverallComputationNetGlobeIncome,Total,R,string,Total,10863
EtrComputationTypeOverallComputationNetGlobeIncomeAdjustments,AdjustmentItem,R,AdjustmentItemEnumType,AdjustmentItem,10923
EtrComputationTypeOverallComputationNetGlobeIncomeAdjustments,Amount,R,string,Amount,10915
EtrComputationTypeOverallComputationNetGlobeIncomeIntShippingIncome,ExcessOfCap,O,string,ExcessOfCap,10951
EtrComputationTypeOverallComputationNetGlobeIncomeIntShippingIncome,FiftyPercentCap,R,string,FiftyPercentCap,10944
EtrComputationTypeOverallComputationNetGlobeIncomeIntShippingIncome,Total,R,string,Total,10936
EtrComputationTypeOverallComputationNetGlobeIncomeIntShippingIncome,TotalIntShipIncome,R,string,TotalIntShipIncome,10940
EtrComputationTypeOverallComputationNetGlobeIncomeIntShippingIncome,TotalQualifiedAncIncome,R,string,TotalQualifiedAncIncome,10948
EtrComputationTypeOverallComputationQdmtt,Amount,R,string,Amount,12261
EtrComputationTypeOverallComputationQdmtt,BasisforBlending,O,string,BasisforBlending,12288
EtrComputationTypeOverallComputationQdmtt,Currency,R,Globe.CurrCodeType,Currency,12310
EtrComputationTypeOverallComputationQdmtt,CurrencyElection,O,EtrComputationTypeOverallComputationQdmttCurrencyElection,CurrencyElection,12313
EtrComputationTypeOverallComputationQdmtt,DeMinAvailable,R,bool,DeMinAvailable,12306
EtrComputationTypeOverallComputationQdmtt,Fas,R,string,FAS,12257
EtrComputationTypeOverallComputationQdmtt,KBasisforBlending,O,string,KBasisforBlending,12298
EtrComputationTypeOverallComputationQdmtt,MinRate,O,decimal,MinRate,12270
EtrComputationTypeOverallComputationQdmtt,MinRateSpecified,O,bool,,12276
EtrComputationTypeOverallComputationQdmtt,SbieAvailable,R,bool,SBIEAvailable,12302
EtrComputationTypeOverallComputationQdmttCurrencyElection,Currency,R,CurrencyEnumType,Currency,12343
EtrComputationTypeOverallComputationQdmttCurrencyElection,ElectionYear,R,System.DateTime,ElectionYear,12330
EtrComputationTypeOverallComputationQdmttCurrencyElection,RevocationYear,O,System.DateTime,RevocationYear,12333
EtrComputationTypeOverallComputationQdmttCurrencyElection,RevocationYearSpecified,O,bool,,12339
EtrComputationTypeOverallComputationQdmttCurrencyElection,Status,R,bool,Status,12326
EtrComputationTypeOverallComputationSubstanceExclusion,FteAllocation,O,System.Collections.ObjectModel.Collection<EtrComputationTypeOverallComputationSubstanceExclusionFteAllocation>,FTEAllocation,11814
EtrComputationTypeOverallComputationSubstanceExclusion,FteAllocationSpecified,O,bool,,11830
EtrComputationTypeOverallComputationSubstanceExclusion,PayrollCost,R,string,PayrollCost,11747
EtrComputationTypeOverallComputationSubstanceExclusion,PayrollMarkUp,R,decimal,PayrollMarkUp,11757
EtrComputationTypeOverallComputationSubstanceExclusion,PeAllocation,O,System.Collections.ObjectModel.Collection<EtrComputationTypeOverallComputationSubstanceExclusionPeAllocation>,PEAllocation,11777
EtrComputationTypeOverallComputationSubstanceExclusion,PeAllocationSpecified,O,bool,,11793
EtrComputationTypeOverallComputationSubstanceExclusion,TangibleAssetMarkup,R,decimal,TangibleAssetMarkup,11771
EtrComputationTypeOverallComputationSubstanceExclusion,TangibleAssetValue,R,string,TangibleAssetValue,11761
EtrComputationTypeOverallComputationSubstanceExclusion,Total,R,string,Total,11743
EtrComputationTypeOverallComputationSubstanceExclusionFteAllocation,JurOfOwners,R,EtrComputationTypeOverallComputationSubstanceExclusionFteAllocationJurOfOwners,JurOfOwners,11941
EtrComputationTypeOverallComputationSubstanceExclusionFteAllocation,PayrollCost,R,EtrComputationTypeOverallComputationSubstanceExclusionFteAllocationPayrollCost,PayrollCost,11945
EtrComputationTypeOverallComputationSubstanceExclusionFteAllocation,TangibleAssetValue,R,EtrComputationTypeOverallComputationSubstanceExclusionFteAllocationTangibleAssetValue,TangibleAssetValue,11949
EtrComputationTypeOverallComputationSubstanceExclusionFteAllocationJurOfOwners,NotApplicable,O,bool,NotApplicable,11979
EtrComputationTypeOverallComputationSubstanceExclusionFteAllocationJurOfOwners,NotApplicableSpecified,O,bool,,11985
EtrComputationTypeOverallComputationSubstanceExclusionFteAllocationJurOfOwners,ResCountryCode,O,Globe.CountryCodeType,ResCountryCode,11961
EtrComputationTypeOverallComputationSubstanceExclusionFteAllocationJurOfOwners,ResCountryCodeSpecified,O,bool,,11967
EtrComputationTypeOverallComputationSubstanceExclusionFteAllocationJurOfOwners,Upe,O,bool,UPE,11970
EtrComputationTypeOverallComputationSubstanceExclusionFteAllocationJurOfOwners,UpeSpecified,O,bool,,11976
EtrComputationTypeOverallComputationSubstanceExclusionFteAllocationPayrollCost,Allocation,R,string,Allocation,12002
EtrComputationTypeOverallComputationSubstanceExclusionFteAllocationPayrollCost,Total,R,string,Total,11998
EtrComputationTypeOverallComputationSubstanceExclusionFteAllocationTangibleAssetValue,Allocation,R,string,Allocation,12020
EtrComputationTypeOverallComputationSubstanceExclusionFteAllocationTangibleAssetValue,Total,R,string,Total,12016
EtrComputationTypeOverallComputationSubstanceExclusionPeAllocation,JurOfOwners,R,EtrComputationTypeOverallComputationSubstanceExclusionPeAllocationJurOfOwners,JurOfOwners,11849
EtrComputationTypeOverallComputationSubstanceExclusionPeAllocation,PayrollCost,R,EtrComputationTypeOverallComputationSubstanceExclusionPeAllocationPayrollCost,PayrollCost,11853
EtrComputationTypeOverallComputationSubstanceExclusionPeAllocation,TangibleAssetValue,R,EtrComputationTypeOverallComputationSubstanceExclusionPeAllocationTangibleAssetValue,TangibleAssetValue,11857
EtrComputationTypeOverallComputationSubstanceExclusionPeAllocationJurOfOwners,NotApplicable,O,bool,NotApplicable,11887
EtrComputationTypeOverallComputationSubstanceExclusionPeAllocationJurOfOwners,NotApplicableSpecified,O,bool,,11893
EtrComputationTypeOverallComputationSubstanceExclusionPeAllocationJurOfOwners,ResCountryCode,O,Globe.CountryCodeType,ResCountryCode,11869
EtrComputationTypeOverallComputationSubstanceExclusionPeAllocationJurOfOwners,ResCountryCodeSpecified,O,bool,,11875
EtrComputationTypeOverallComputationSubstanceExclusionPeAllocationJurOfOwners,Upe,O,bool,UPE,11878
EtrComputationTypeOverallComputationSubstanceExclusionPeAllocationJurOfOwners,UpeSpecified,O,bool,,11884
EtrComputationTypeOverallComputationSubstanceExclusionPeAllocationPayrollCost,Allocation,R,string,Allocation,11910
EtrComputationTypeOverallComputationSubstanceExclusionPeAllocationPayrollCost,Total,R,string,Total,11906
EtrComputationTypeOverallComputationSubstanceExclusionPeAllocationTangibleAssetValue,Allocation,R,string,Allocation,11928
EtrComputationTypeOverallComputationSubstanceExclusionPeAllocationTangibleAssetValue,Total,R,string,Total,11924
EtrType,Election,O,EtrTypeElection,Election,9053
EtrType,EtrStatus,R,EtrTypeEtrStatus,ETRStatus,9050
EtrType,SubGroup,O,EtrTypeSubGroup,SubGroup,9046
EtrTypeElection,Art321C,O,EtrTypeElectionArt321C,Art3.2.1.c,12513
EtrTypeElection,Art322,O,EtrTypeElectionArt322,Art3.2.2,12498
EtrTypeElection,Art325,O,EtrTypeElectionArt325,Art3.2.5,12501
EtrTypeElection,Art326,O,bool,Art3.2.6,12462
EtrTypeElection,Art326Specified,O,bool,,12468
EtrTypeElection,Art328,O,EtrTypeElectionArt328,Art3.2.8,12504
EtrTypeElection,Art415,O,bool,Art4.1.5,12471
EtrTypeElection,Art415Specified,O,bool,,12477
EtrTypeElection,Art45,O,EtrTypeElectionArt45,Art4.5,12510
EtrTypeElection,Art461,O,bool,Art4.6.1,12480
EtrTypeElection,Art461Specified,O,bool,,12486
EtrTypeElection,Art531,O,bool,Art5.3.1,12489
EtrTypeElection,Art531Specified,O,bool,,12495
EtrTypeElection,NoDefTaxAllocation,O,EtrTypeElectionNoDefTaxAllocation,NoDefTaxAllocation,12507
EtrTypeElection,SimplifiedReporting,O,bool,SimplifiedReporting,12516
EtrTypeElection,SimplifiedReportingSpecified,O,bool,,12522
EtrTypeElectionArt321C,Additions,R,string,Additions,12705
EtrTypeElectionArt321C,ElectionYear,R,System.DateTime,ElectionYear,12684
EtrTypeElectionArt321C,KEquityInvestmentInclusionElection,R,string,KEquityInvestmentInclusionElection,12697
EtrTypeElectionArt321C,OutstandingBalance,R,string,OutstandingBalance,12713
EtrTypeElectionArt321C,QualOwnerIntentBalance,R,string,QualOwnerIntentBalance,12701
EtrTypeElectionArt321C,Reductions,R,string,Reductions,12709
EtrTypeElectionArt321C,RevocationYear,O,System.DateTime,RevocationYear,12687
EtrTypeElectionArt321C,RevocationYearSpecified,O,bool,,12693
EtrTypeElectionArt321C,Status,R,bool,Status,12680
EtrTypeElectionArt322,ElectionYear,R,System.DateTime,ElectionYear,12539
EtrTypeElectionArt322,RevocationYear,O,System.DateTime,RevocationYear,12542
EtrTypeElectionArt322,RevocationYearSpecified,O,bool,,12548
EtrTypeElectionArt322,Status,R,bool,Status,12535
EtrTypeElectionArt325,ElectionYear,O,System.DateTime,ElectionYear,12564
EtrTypeElectionArt325,ElectionYearSpecified,O,bool,,12570
EtrTypeElectionArt325,RevocationYear,O,System.DateTime,RevocationYear,12573
EtrTypeElectionArt325,RevocationYearSpecified,O,bool,,12579
EtrTypeElectionArt325,Status,R,bool,Status,12561
EtrTypeElectionArt328,ElectionYear,O,System.DateTime,ElectionYear,12595
EtrTypeElectionArt328,ElectionYearSpecified,O,bool,,12601
EtrTypeElectionArt328,RevocationYear,O,System.DateTime,RevocationYear,12604
EtrTypeElectionArt328,RevocationYearSpecified,O,bool,,12610
EtrTypeElectionArt328,Status,R,bool,Status,12592
EtrTypeElectionArt45,ElectionYear,O,System.DateTime,ElectionYear,12652
EtrTypeElectionArt45,ElectionYearSpecified,O,bool,,12658
EtrTypeElectionArt45,RevocationYear,O,System.DateTime,RevocationYear,12661
EtrTypeElectionArt45,RevocationYearSpecified,O,bool,,12667
EtrTypeElectionArt45,Status,R,bool,Status,12649
EtrTypeElectionNoDefTaxAllocation,ElectionYear,R,System.DateTime,ElectionYear,12627
EtrTypeElectionNoDefTaxAllocation,RevocationYear,O,System.DateTime,RevocationYear,12630
EtrTypeElectionNoDefTaxAllocation,RevocationYearSpecified,O,bool,,12636
EtrTypeElectionNoDefTaxAllocation,Status,R,bool,Status,12623
EtrTypeEtrStatus,EtrComputation,O,EtrComputationType,ETRComputation,9110
EtrTypeEtrStatus,EtrException,O,EtrTypeEtrStatusEtrException,ETRException,9107
EtrTypeEtrStatusEtrException,DeminimisSimplifiedNmceCalc,O,EtrTypeEtrStatusEtrExceptionDeminimisSimplifiedNmceCalc,Deminimis-SimplifiedNMCECalc,9122
EtrTypeEtrStatusEtrException,TransitionalCbCrSafeHarbour,O,EtrTypeEtrStatusEtrExceptionTransitionalCbCrSafeHarbour,TransitionalCbCRSafeHarbour,9125
EtrTypeEtrStatusEtrException,UtprSafeHarbour,O,EtrTypeEtrStatusEtrExceptionUtprSafeHarbour,UTPRSafeHarbour,9128
EtrTypeEtrStatusEtrExceptionDeminimisSimplifiedNmceCalc,Average,R,EtrTypeEtrStatusEtrExceptionDeminimisSimplifiedNmceCalcAverage,Average,9170
EtrTypeEtrStatusEtrExceptionDeminimisSimplifiedNmceCalc,Basis,R,DeminimisSimpleBasisEnumType,Basis,9141
EtrTypeEtrStatusEtrExceptionDeminimisSimplifiedNmceCalc,FinancialData,R,System.Collections.ObjectModel.Collection<EtrTypeEtrStatusEtrExceptionDeminimisSimplifiedNmceCalcFinancialData>,FinancialData,9148
EtrTypeEtrStatusEtrExceptionDeminimisSimplifiedNmceCalcAverage,Fanil,R,string,FANIL,9222
EtrTypeEtrStatusEtrExceptionDeminimisSimplifiedNmceCalcAverage,GlobeRevenue,R,string,GlobeRevenue,9214
EtrTypeEtrStatusEtrExceptionDeminimisSimplifiedNmceCalcAverage,NetGlobeIncome,R,string,NetGlobeIncome,9218
EtrTypeEtrStatusEtrExceptionDeminimisSimplifiedNmceCalcAverage,Revenue,O,string,Revenue,9210
EtrTypeEtrStatusEtrExceptionDeminimisSimplifiedNmceCalcFinancialData,Fanil,R,string,FANIL,9198
EtrTypeEtrStatusEtrExceptionDeminimisSimplifiedNmceCalcFinancialData,GlobeRevenue,R,string,GlobeRevenue,9190
EtrTypeEtrStatusEtrExceptionDeminimisSimplifiedNmceCalcFinancialData,NetGlobeIncome,R,string,NetGlobeIncome,9194
EtrTypeEtrStatusEtrExceptionDeminimisSimplifiedNmceCalcFinancialData,Revenue,O,string,Revenue,9186
EtrTypeEtrStatusEtrExceptionDeminimisSimplifiedNmceCalcFinancialData,Year,R,System.DateTime,Year,9183
EtrTypeEtrStatusEtrExceptionTransitionalCbCrSafeHarbour,IncomeTax,O,string,IncomeTax,9241
EtrTypeEtrStatusEtrExceptionTransitionalCbCrSafeHarbour,Profit,R,string,Profit,9238
EtrTypeEtrStatusEtrExceptionTransitionalCbCrSafeHarbour,Revenue,O,string,Revenue,9234
EtrTypeEtrStatusEtrExceptionUtprSafeHarbour,CitRate,R,decimal,CITRate,9262
EtrTypeSubGroup,Tin,R,TinType,TIN,9066
EtrTypeSubGroup,TypeofSubGroup,R,System.Collections.ObjectModel.Collection<EtrTypeofSubGroupEnumType>,TypeofSubGroup,9077
ExcludedUpeIdType,GlobeStatus,R,System.Collections.ObjectModel.Collection<IdTypeGloBeStatusEnumType>,GlobeStatus,7782
ExcludedUpeIdType,KName,O,string,KName,7683
ExcludedUpeIdType,Name,R,string,Name,7673
ExcludedUpeIdType,ResCountryCode,O,System.Collections.ObjectModel.Collection<Globe.CountryCodeType>,ResCountryCode,7689
ExcludedUpeIdType,ResCountryCodeSpecified,O,bool,,7705
ExcludedUpeIdType,Rules,O,System.Collections.ObjectModel.Collection<IdTypeRulesEnumType>,Rules,7749
ExcludedUpeIdType,RulesSpecified,O,bool,,7765
ExcludedUpeIdType,Tin,R,System.Collections.ObjectModel.Collection<TinType>,TIN,7729
FilingInfo,AccountingInfo,R,FilingInfoAccountingInfo,AccountingInfo,7296
FilingInfo,AdditionalInfo,O,string,AdditionalInfo,7331
FilingInfo,FilingCe,R,FilingInfoFilingCe,FilingCE,7292
FilingInfo,KNameMne,O,string,KNameMNE,7321
FilingInfo,NameMne,R,string,NameMNE,7311
FilingInfo,Period,R,FilingInfoPeriod,Period,7300
FilingInfoAccountingInfo,CfSofUpe,R,FilingCeCofUpeEnumType,CFSofUPE,7394
FilingInfoAccountingInfo,Currency,R,Globe.CurrCodeType,Currency,7409
FilingInfoAccountingInfo,Fas,R,string,FAS,7405
FilingInfoFilingCe,KName,O,string,KName,7365
FilingInfoFilingCe,Name,R,string,Name,7355
FilingInfoFilingCe,ResCountryCode,R,Globe.CountryCodeType,ResCountryCode,7344
FilingInfoFilingCe,Role,R,FilingCeRoleEnumType,Role,7377
FilingInfoFilingCe,Tin,R,TinType,TIN,7369
FilingInfoPeriod,End,R,System.DateTime,End,7426
FilingInfoPeriod,Start,R,System.DateTime,Start,7422
GeneralSectionType,AdditionalDataPoint,O,System.Collections.ObjectModel.Collection<AdditionalDataPointType>,AdditionalDataPoint,7485
GeneralSectionType,AdditionalDataPointSpecified,O,bool,,7501
GeneralSectionType,CorporateStructure,R,CorporateStructureType,CorporateStructure,7479
GeneralSectionType,RecJurCode,R,System.Collections.ObjectModel.Collection<Globe.CountryCodeType>,RecJurCode,7456
GlobeBodyType,FilingInfo,R,GlobeBodyTypeFilingInfo,FilingInfo,7168
GlobeBodyType,GeneralSection,O,GlobeBodyTypeGeneralSection,GeneralSection,7171
GlobeBodyType,JurisdictionSection,O,System.Collections.ObjectModel.Collection<GlobeBodyTypeJurisdictionSection>,JurisdictionSection,7215
GlobeBodyType,JurisdictionSectionSpecified,O,bool,,7231
GlobeBodyType,Summary,O,System.Collections.ObjectModel.Collection<GlobeBodyTypeSummary>,Summary,7177
GlobeBodyType,SummarySpecified,O,bool,,7193
GlobeBodyType,UtprAttribution,O,System.Collections.ObjectModel.Collection<GlobeBodyTypeUtprAttribution>,UTPRAttribution,7243
GlobeBodyType,UtprAttributionSpecified,O,bool,,7259
GlobeBodyTypeFilingInfo,DocSpec,R,Globe.DocSpecType,DocSpec,7278
GlobeBodyTypeGeneralSection,DocSpec,R,Globe.DocSpecType,DocSpec,7439
GlobeBodyTypeJurisdictionSection,DocSpec,R,Globe.DocSpecType,DocSpec,8684
GlobeBodyTypeSummary,DocSpec,R,Globe.DocSpecType,DocSpec,8359
GlobeBodyTypeUtprAttribution,DocSpec,R,Globe.DocSpecType,DocSpec,13069
GlobeOecd,GlobeBody,R,GlobeBodyType,GLOBEBody,13216
GlobeOecd,MessageSpec,R,MessageSpecType,MessageSpec,13212
GlobeOecd,Version,O,string,version,13228
GlobeTax,Etr,O,System.Collections.ObjectModel.Collection<EtrType>,ETR,9001
GlobeTax,EtrSpecified,O,bool,,9017
GlobeTax,InitialIntActivity,O,InitialIntActivityType,InitialIntActivity,9034
IdType,GlobeStatus,R,System.Collections.ObjectModel.Collection<IdTypeGloBeStatusEnumType>,GlobeStatus,7921
IdType,KName,O,string,KName,7844
IdType,Name,R,string,Name,7834
IdType,ResCountryCode,R,System.Collections.ObjectModel.Collection<Globe.CountryCodeType>,ResCountryCode,7851
IdType,Rules,R,System.Collections.ObjectModel.Collection<IdTypeRulesEnumType>,Rules,7900
IdType,Tin,R,System.Collections.ObjectModel.Collection<TinType>,TIN,7879
InitialIntActivityType,OtherJurisdiction,R,System.Collections.ObjectModel.Collection<InitialIntActivityTypeOtherJurisdiction>,OtherJurisdiction,12737
InitialIntActivityType,ReferenceJurisdiction,R,InitialIntActivityTypeReferenceJurisdiction,ReferenceJurisdiction,12730
InitialIntActivityType,RfyNumberOfJurisdictions,O,string,RFYNumberOfJurisdictions,12758
InitialIntActivityType,RfySumTangibleAssetValue,O,string,RFYSumTangibleAssetValue,12761
InitialIntActivityType,StartDate,R,System.DateTime,StartDate,12726
InitialIntActivityTypeOtherJurisdiction,ResCountryCode,R,System.Collections.ObjectModel.Collection<Globe.CountryCodeType>,ResCountryCode,12794
InitialIntActivityTypeOtherJurisdiction,TangibleAssetValue,R,string,TangibleAssetValue,12816
InitialIntActivityTypeReferenceJurisdiction,ResCountryCode,R,Globe.CountryCodeType,ResCountryCode,12774
InitialIntActivityTypeReferenceJurisdiction,TangibleAssetValue,R,string,TangibleAssetValue,12778
JurisdictionSectionType,AdditionalDataPoint,O,System.Collections.ObjectModel.Collection<AdditionalDataPointType>,AdditionalDataPoint,8775
JurisdictionSectionType,AdditionalDataPointSpecified,O,bool,,8791
JurisdictionSectionType,GLoBeTax,R,GlobeTax,GLoBETax,8766
JurisdictionSectionType,Jurisdiction,R,Globe.CountryCodeType,Jurisdiction,8725
JurisdictionSectionType,JurWithTaxingRights,O,System.Collections.ObjectModel.Collection<JurisdictionSectionTypeJurWithTaxingRights>,JurWithTaxingRights,8731
JurisdictionSectionType,JurWithTaxingRightsSpecified,O,bool,,8747
JurisdictionSectionType,LocalCurrency,O,Globe.CurrCodeType,LocalCurrency,8756
JurisdictionSectionType,LocalCurrencySpecified,O,bool,,8762
JurisdictionSectionType,LowTaxJurisdiction,O,LowTaxJurisdictionType,LowTaxJurisdiction,8769
JurisdictionSectionType,RecJurCode,R,System.Collections.ObjectModel.Collection<Globe.CountryCodeType>,RecJurCode,8701
JurisdictionSectionTypeJurWithTaxingRights,JurisdictionName,R,Globe.CountryCodeType,JurisdictionName,8810
JurisdictionSectionTypeJurWithTaxingRights,ReportDifference,O,JurisdictionSectionTypeJurWithTaxingRightsReportDifference,ReportDifference,8849
JurisdictionSectionTypeJurWithTaxingRights,Subgroup,O,System.Collections.ObjectModel.Collection<JurisdictionSectionTypeJurWithTaxingRightsSubgroup>,Subgroup,8816
JurisdictionSectionTypeJurWithTaxingRights,SubgroupSpecified,O,bool,,8832
JurisdictionSectionTypeJurWithTaxingRightsReportDifference,AddCurrentTuTDifference,O,string,AddCurrentTuTDifference,8927
JurisdictionSectionTypeJurWithTaxingRightsReportDifference,AdjCoveredTaxDifference,O,JurisdictionSectionTypeJurWithTaxingRightsReportDifferenceAdjCoveredTaxDifference,AdjCoveredTaxDifference,8918
JurisdictionSectionTypeJurWithTaxingRightsReportDifference,ElectionsDifference,O,string,ElectionsDifference,8940
JurisdictionSectionTypeJurWithTaxingRightsReportDifference,EtrDifference,O,decimal,ETRDifference,8909
JurisdictionSectionTypeJurWithTaxingRightsReportDifference,EtrDifferenceSpecified,O,bool,,8915
JurisdictionSectionTypeJurWithTaxingRightsReportDifference,ExcessNegTaxCarryForw,O,string,ExcessNegTaxCarryForw,8956
JurisdictionSectionTypeJurWithTaxingRightsReportDifference,KElectionsDifference,O,string,KElectionsDifference,8950
JurisdictionSectionTypeJurWithTaxingRightsReportDifference,NetGLoBeDifference,O,string,NetGLoBEDifference,8921
JurisdictionSectionTypeJurWithTaxingRightsReportDifference,QrtcIncome,O,string,QRTCIncome,8953
JurisdictionSectionTypeJurWithTaxingRightsReportDifference,SbieDifference,O,string,SBIEDifference,8924
JurisdictionSectionTypeJurWithTaxingRightsReportDifference,TransitionDifference,O,bool,TransitionDifference,8959
JurisdictionSectionTypeJurWithTaxingRightsReportDifference,TransitionDifferenceSpecified,O,bool,,8965
JurisdictionSectionTypeJurWithTaxingRightsReportDifference,TuTDifference,O,string,TuTDifference,8930
JurisdictionSectionTypeJurWithTaxingRightsReportDifferenceAdjCoveredTaxDifference,AggCurrentTaxExpense,O,string,AggCurrentTaxExpense,8977
JurisdictionSectionTypeJurWithTaxingRightsReportDifferenceAdjCoveredTaxDifference,DeferTaxExpense,O,string,DeferTaxExpense,8986
JurisdictionSectionTypeJurWithTaxingRightsReportDifferenceAdjCoveredTaxDifference,OtherTaxCredits,O,string,OtherTaxCredits,8983
JurisdictionSectionTypeJurWithTaxingRightsReportDifferenceAdjCoveredTaxDifference,QrtcExpense,O,string,QRTCExpense,8980
JurisdictionSectionTypeJurWithTaxingRightsSubgroup,Tin,R,TinType,TIN,8862
JurisdictionSectionTypeJurWithTaxingRightsSubgroup,TypeofSubGroup,R,System.Collections.ObjectModel.Collection<TypeofSubGroupEnumType>,TypeofSubGroup,8873
LowTaxJurisdictionType,Ltce,O,System.Collections.ObjectModel.Collection<LowTaxJurisdictionTypeLtce>,LTCE,12835
LowTaxJurisdictionType,LtceSpecified,O,bool,,12851
LowTaxJurisdictionType,TopUpTaxAmount,R,string,TopUpTaxAmount,12829
LowTaxJurisdictionType,Utpr,O,LowTaxJurisdictionTypeUtpr,UTPR,12868
LowTaxJurisdictionTypeLtce,Iir,R,System.Collections.ObjectModel.Collection<LowTaxJurisdictionTypeLtceIir>,IIR,12888
LowTaxJurisdictionTypeLtce,Tin,R,TinType,TIN,12881
LowTaxJurisdictionTypeLtceIir,NetGlobeIncome,O,string,NetGlobeIncome,12918
LowTaxJurisdictionTypeLtceIir,ParentEntity,O,System.Collections.ObjectModel.Collection<LowTaxJurisdictionTypeLtceIirParentEntity>,ParentEntity,12928
LowTaxJurisdictionTypeLtceIir,ParentEntitySpecified,O,bool,,12944
LowTaxJurisdictionTypeLtceIir,TopUpTax,R,string,TopUpTax,12922
LowTaxJurisdictionTypeLtceIirParentEntity,IirOffSet,R,string,IIROffSet,12999
LowTaxJurisdictionTypeLtceIirParentEntity,InclusionRatio,R,decimal,InclusionRatio,12991
LowTaxJurisdictionTypeLtceIirParentEntity,OtherOwnershipAllocation,R,string,OtherOwnershipAllocation,12979
LowTaxJurisdictionTypeLtceIirParentEntity,ResCountryCode,R,Globe.CountryCodeType,ResCountryCode,12975
LowTaxJurisdictionTypeLtceIirParentEntity,Tin,R,TinType,TIN,12971
LowTaxJurisdictionTypeLtceIirParentEntity,TopUpTax,R,string,TopUpTax,13003
LowTaxJurisdictionTypeLtceIirParentEntity,TopUpTaxShare,R,string,TopUpTaxShare,12995
LowTaxJurisdictionTypeUtpr,UtprCalculation,O,LowTaxJurisdictionTypeUtprUtprCalculation,UTPRCalculation,13018
LowTaxJurisdictionTypeUtpr,UtprSafeHarbour,O,LowTaxJurisdictionTypeUtprUtprSafeHarbour,UTPRSafeHarbour,13015
LowTaxJurisdictionTypeUtprUtprCalculation,Article251TopUpTax,R,string,Article2.5.1TopUpTax,13056
LowTaxJurisdictionTypeUtprUtprCalculation,TotalUtprTopUpTax,R,string,TotalUTPRTopUpTax,13052
LowTaxJurisdictionTypeUtprUtprSafeHarbour,CitRate,R,decimal,CITRate,13039
MessageSpecType,Contact,O,string,Contact,7086
MessageSpecType,MessageRefId,R,string,MessageRefId,7097
MessageSpecType,MessageType,R,MessageTypeEnumType,MessageType,7066
MessageSpecType,MessageTypeIndic,R,MessageTypeIndicEnumType,MessageTypeIndic,7101
MessageSpecType,ReceivingCountry,R,Globe.CountryCodeType,ReceivingCountry,7062
MessageSpecType,ReportingPeriod,R,System.DateTime,ReportingPeriod,7105
MessageSpecType,SendingEntityIn,O,string,SendingEntityIN,7054
MessageSpecType,Timestamp,R,System.DateTime,Timestamp,7109
MessageSpecType,TransmittingCountry,R,Globe.CountryCodeType,TransmittingCountry,7058
MessageSpecType,Warning,O,string,Warning,7076
SummaryType,AdditionalDataPoint,O,System.Collections.ObjectModel.Collection<AdditionalDataPointType>,AdditionalDataPoint,8509
SummaryType,AdditionalDataPointSpecified,O,bool,,8525
SummaryType,EtrRange,O,EtrRangeEnumType,ETRRange,8468
SummaryType,EtrRangeSpecified,O,bool,,8474
SummaryType,GLoBeTut,O,GlobeTuTEnumType,GLoBETut,8497
SummaryType,GLoBeTutSpecified,O,bool,,8503
SummaryType,Jurisdiction,R,SummaryTypeJurisdiction,Jurisdiction,8401
SummaryType,JurWithTaxingRights,O,System.Collections.ObjectModel.Collection<SummaryTypeJurWithTaxingRights>,JurWithTaxingRights,8407
SummaryType,JurWithTaxingRightsSpecified,O,bool,,8423
SummaryType,QdmtTut,O,QdmtTuTEnumType,QDMTTut,8484
SummaryType,QdmtTutSpecified,O,bool,,8490
SummaryType,RecJurCode,R,System.Collections.ObjectModel.Collection<Globe.CountryCodeType>,RecJurCode,8376
SummaryType,SafeHarbour,O,System.Collections.ObjectModel.Collection<SafeHarbourEnumType>,SafeHarbour,8439
SummaryType,SafeHarbourSpecified,O,bool,,8455
SummaryType,Sbie,O,SummaryTypeSbie,SBIE,8477
SummaryTypeJurisdiction,JurisdictionName,O,Globe.CountryCodeType,JurisdictionName,8543
SummaryTypeJurisdiction,JurisdictionNameSpecified,O,bool,,8549
SummaryTypeJurisdiction,Subgroup,O,System.Collections.ObjectModel.Collection<SummaryTypeJurisdictionSubgroup>,Subgroup,8555
SummaryTypeJurisdiction,SubgroupSpecified,O,bool,,8571
SummaryTypeJurisdictionSubgroup,Tin,R,TinType,TIN,8598
SummaryTypeJurisdictionSubgroup,TypeofSubGroup,R,System.Collections.ObjectModel.Collection<TypeofSubGroupEnumType>,TypeofSubGroup,8609
SummaryTypeJurWithTaxingRights,DiffDomesticTut,O,GlobeTuTEnumType,DiffDomesticTut,8648
SummaryTypeJurWithTaxingRights,DiffDomesticTutSpecified,O,bool,,8654
SummaryTypeJurWithTaxingRights,JurisdictionName,O,Globe.CountryCodeType,JurisdictionName,8639
SummaryTypeJurWithTaxingRights,JurisdictionNameSpecified,O,bool,,8645
SummaryTypeSbie,NotApplicable,R,bool,NotApplicable,8667
SummaryTypeSbie,NoTut,R,bool,NoTut,8671
TinType,IssuedBy,O,Globe.CountryCodeType,issuedBy,7131
TinType,IssuedBySpecified,O,bool,,7137
TinType,TypeOfTin,O,TinEnumType,TypeOfTIN,7149
TinType,TypeOfTinSpecified,O,bool,,7155
TinType,Unknown,O,bool,unknown,7140
TinType,UnknownSpecified,O,bool,,7146
TinType,Value,O,string,,7128
UtprAttributionType,AdditionalDataPoint,O,System.Collections.ObjectModel.Collection<AdditionalDataPointType>,AdditionalDataPoint,13129
UtprAttributionType,AdditionalDataPointSpecified,O,bool,,13145
UtprAttributionType,Attribution,R,System.Collections.ObjectModel.Collection<UtprAttributionTypeAttribution>,Attribution,13113
UtprAttributionType,RecJurCode,R,System.Collections.ObjectModel.Collection<Globe.CountryCodeType>,RecJurCode,13086
UtprAttributionTypeAttribution,AddCashTaxExpense,R,string,AddCashTaxExpense,13194
UtprAttributionTypeAttribution,Employees,O,string,Employees,13171
UtprAttributionTypeAttribution,ResCountryCode,R,Globe.CountryCodeType,ResCountryCode,13164
UtprAttributionTypeAttribution,TangibleAssetValue,O,string,TangibleAssetValue,13174
UtprAttributionTypeAttribution,UtprPercentage,R,decimal,UTPRPercentage,13186
UtprAttributionTypeAttribution,UtprTopUpTaxAttributed,R,string,UTPRTopUpTaxAttributed,13190
UtprAttributionTypeAttribution,UtprTopUpTaxCarriedForward,R,string,UTPRTopUpTaxCarriedForward,13198
UtprAttributionTypeAttribution,UtprTopUpTaxCarryForward,R,string,UTPRTopUpTaxCarryForward,13168
