file,line,row_expr,col,snippet
Mapping_1.3.1.cs,45,row,10,"var cellValue = ws.Cell(row, 10).GetString()?.Trim();  // J열 = 10"
Mapping_1.3.1.cs,127,r,2,"var val = ws.Cell(r, 2).GetString()?.Trim(); // B열"
Mapping_1.3.2.1.cs,66,row,15,"var cellValue = ws.Cell(row, 15).GetString()?.Trim(); // O열 = 15"
Mapping_1.3.2.1.cs,86,ownershipRow,15,"var ownershipCell = ws.Cell(ownershipRow, 15).GetString()?.Trim();"
Mapping_1.3.2.1.cs,301,r,2,"var val = ws.Cell(r, 2).GetString()?.Trim();"
Mapping_1.3.2.2.cs,46,row,15,"var val = ws.Cell(row, 15).GetString()?.Trim();"
Mapping_1.3.3.cs,31,row,2,"var name = ws.Cell(row, 2).GetString()?.Trim();"
Mapping_1.3.3.cs,33,row,4,"var tinRaw = ws.Cell(row, 4).GetString()?.Trim();"
Mapping_1.3.3.cs,35,row,6,"var dateRaw = ws.Cell(row, 6).GetString()?.Trim();"
Mapping_1.3.3.cs,37,row,8,"var preTypeRaw = ws.Cell(row, 8).GetString()?.Trim();"
Mapping_1.3.3.cs,39,row,10,"var ownerTinRaw = ws.Cell(row, 10).GetString()?.Trim();"
Mapping_1.3.3.cs,41,row,13,"var prePctRaw = ws.Cell(row, 13).GetString()?.Trim();"
Mapping_1.3.3.cs,43,row,16,"var ownerTypeRaw = ws.Cell(row, 16).GetString()?.Trim();"
Mapping_1.4.cs,27,row,2,"var jurCode = ws.Cell(row, 2).GetString()?.Trim();"
Mapping_1.4.cs,38,row,7,"var taxJurRaw = ws.Cell(row, 7).GetString()?.Trim();"
Mapping_1.4.cs,55,row,9,"var safeHarbour = ws.Cell(row, 9).GetString()?.Trim();"
Mapping_1.4.cs,64,row,11,"var etrRange = ws.Cell(row, 11).GetString()?.Trim();"
Mapping_1.4.cs,75,row,15,"var qdmtt = ws.Cell(row, 15).GetString()?.Trim();"
Mapping_1.4.cs,86,row,17,"var globeTut = ws.Cell(row, 17).GetString()?.Trim();"
Mapping_2.cs,52,b1 + 3,15,"var jurCode = ws.Cell(b1 + 3, 15).GetString()?.Trim();"
Mapping_2.cs,81,b1 + 6,15,"var taxJurRaw = ws.Cell(b1 + 6, 15).GetString()?.Trim();"
Mapping_2.cs,84,b1 + 12,15,"var safeHarbourRaw = ws.Cell(b1 + 12, 15).GetString()?.Trim();"
Mapping_2.cs,96,b1 + 16,8,"var s1Rev = ws.Cell(b1 + 16, 8).GetString()?.Trim();   // H18"
Mapping_2.cs,97,b1 + 16,14,"var s1Tax = ws.Cell(b1 + 16, 14).GetString()?.Trim();  // N18"
Mapping_2.cs,98,b1 + 17,8,"var s2Rev = ws.Cell(b1 + 17, 8).GetString()?.Trim();   // H19"
Mapping_2.cs,99,b1 + 17,14,"var s2Tax = ws.Cell(b1 + 17, 14).GetString()?.Trim();  // N19"
Mapping_2.cs,100,b1 + 18,8,"var s3Rev = ws.Cell(b1 + 18, 8).GetString()?.Trim();   // H20"
Mapping_2.cs,101,b1 + 18,14,"var s3Tax = ws.Cell(b1 + 18, 14).GetString()?.Trim();  // N20"
Mapping_2.cs,102,b1 + 19,8,"var saRev = ws.Cell(b1 + 19, 8).GetString()?.Trim();   // H21"
Mapping_2.cs,103,b1 + 19,14,"var saTax = ws.Cell(b1 + 19, 14).GetString()?.Trim();  // N21"
Mapping_2.cs,108,b2 + 1,15,"var cbcrRev  = ws.Cell(b2 + 1, 15).GetString()?.Trim();  // O26"
Mapping_2.cs,109,b2 + 2,15,"var cbcrPl   = ws.Cell(b2 + 2, 15).GetString()?.Trim();  // O27"
Mapping_2.cs,110,b2 + 3,15,"var cbcrTax  = ws.Cell(b2 + 3, 15).GetString()?.Trim();  // O28"
Mapping_2.cs,111,b2 + 6,15,"var utprRate = ws.Cell(b2 + 6, 15).GetString()?.Trim();  // O31"
Mapping_2.cs,125,b2 + 12,5,"var f1AcRev = ws.Cell(b2 + 12, 5).GetString()?.Trim();   // E37"
Mapping_2.cs,126,b2 + 12,9,"var f1GbRev = ws.Cell(b2 + 12, 9).GetString()?.Trim();   // I37"
Mapping_2.cs,127,b2 + 12,12,"var f1AcPl  = ws.Cell(b2 + 12, 12).GetString()?.Trim();  // L37"
Mapping_2.cs,128,b2 + 12,15,"var f1GbPl  = ws.Cell(b2 + 12, 15).GetString()?.Trim();  // O37"
Mapping_2.cs,129,b2 + 13,5,"var f2AcRev = ws.Cell(b2 + 13, 5).GetString()?.Trim();   // E38"
Mapping_2.cs,130,b2 + 13,9,"var f2GbRev = ws.Cell(b2 + 13, 9).GetString()?.Trim();   // I38"
Mapping_2.cs,131,b2 + 13,12,"var f2AcPl  = ws.Cell(b2 + 13, 12).GetString()?.Trim();  // L38"
Mapping_2.cs,132,b2 + 13,15,"var f2GbPl  = ws.Cell(b2 + 13, 15).GetString()?.Trim();  // O38"
Mapping_2.cs,133,b2 + 14,5,"var f3AcRev = ws.Cell(b2 + 14, 5).GetString()?.Trim();   // E39"
Mapping_2.cs,134,b2 + 14,9,"var f3GbRev = ws.Cell(b2 + 14, 9).GetString()?.Trim();   // I39"
Mapping_2.cs,135,b2 + 14,12,"var f3AcPl  = ws.Cell(b2 + 14, 12).GetString()?.Trim();  // L39"
Mapping_2.cs,136,b2 + 14,15,"var f3GbPl  = ws.Cell(b2 + 14, 15).GetString()?.Trim();  // O39"
Mapping_2.cs,137,b2 + 15,5,"var faAcRev = ws.Cell(b2 + 15, 5).GetString()?.Trim();   // E40"
Mapping_2.cs,138,b2 + 15,9,"var faGbRev = ws.Cell(b2 + 15, 9).GetString()?.Trim();   // I40"
Mapping_2.cs,139,b2 + 15,12,"var faAcPl  = ws.Cell(b2 + 15, 12).GetString()?.Trim();  // L40"
Mapping_2.cs,140,b2 + 15,15,"var faGbPl  = ws.Cell(b2 + 15, 15).GetString()?.Trim();  // O40"
Mapping_2.cs,145,b2 + 17,13,"var initStartRaw     = ws.Cell(b2 + 17, 13).GetString()?.Trim(); // M42"
Mapping_2.cs,146,b2 + 18,13,"var initRefJur       = ws.Cell(b2 + 18, 13).GetString()?.Trim(); // M43"
Mapping_2.cs,147,b2 + 19,13,"var initRefAsset     = ws.Cell(b2 + 19, 13).GetString()?.Trim(); // M44"
Mapping_2.cs,148,b2 + 20,13,"var initNumJur       = ws.Cell(b2 + 20, 13).GetString()?.Trim(); // M45"
Mapping_2.cs,149,b2 + 21,13,"var initOtherJurRaw  = ws.Cell(b2 + 21, 13).GetString()?.Trim(); // M46 (통합 셀)"
Mapping_EntityCe.cs,56,r,2,"var v = ws.Cell(r, 2).GetString() ?? """";"
Mapping_EntityCe.cs,79,rTin,13,"var ceTinRaw = ws.Cell(rTin, 13).GetString()?.Trim(); // M열"
Mapping_EntityCe.cs,205,r,15,"var v = ws.Cell(r, 15).GetString()?.Trim(); // O열"
Mapping_EntityCe.cs,232,r,2,"var bVal = ws.Cell(r, 2).GetString()?.Trim();   // B: GroupTIN"
Mapping_EntityCe.cs,233,r,11,"var kVal = ws.Cell(r, 11).GetString()?.Trim();  // K: EntityTIN"
Mapping_EntityCe.cs,287,rIncomeTax,15,"var v = ws.Cell(rIncomeTax, 15).GetString()?.Trim(); // O열"
Mapping_EntityCe.cs,303,rAdjHdr + 1 + i,15,"var adds = ws.Cell(rAdjHdr + 1 + i, 15).GetString()?.Trim(); // O: 가산액"
Mapping_EntityCe.cs,304,rAdjHdr + 1 + i,17,"var reds = ws.Cell(rAdjHdr + 1 + i, 17).GetString()?.Trim(); // Q: 차감액"
Mapping_EntityCe.cs,323,rTotal,15,"var v = ws.Cell(rTotal, 15).GetString()?.Trim(); // O열"
Mapping_EntityCe.cs,350,r,5,"var basisRaw  = ws.Cell(r, 5).GetString()?.Trim();   // E: 조정 근거"
Mapping_EntityCe.cs,351,r,7,"var otherTinRaw = ws.Cell(r, 7).GetString()?.Trim(); // G: 상대TIN"
Mapping_EntityCe.cs,352,r,12,"var adds      = ws.Cell(r, 12).GetString()?.Trim();  // L: 가산액"
Mapping_EntityCe.cs,353,r,14,"var reds      = ws.Cell(r, 14).GetString()?.Trim();  // N: 차감액"
Mapping_EntityCe.cs,362,r,3,"var preTax = ws.Cell(r, 3).GetString()?.Trim();"
Mapping_EntityCe.cs,384,r,10,"var ccRaw = ws.Cell(r, 10).GetString()?.Trim(); // J: 소재지국"
Mapping_EntityCe.cs,429,rExpense,15,"deferExpenseVal = ws.Cell(rExpense, 15).GetString()?.Trim();"
Mapping_EntityCe.cs,440,rAdjHdr + 1 + i,15,"var adds = ws.Cell(rAdjHdr + 1 + i, 15).GetString()?.Trim(); // O: 가산액"
Mapping_EntityCe.cs,441,rAdjHdr + 1 + i,17,"var reds = ws.Cell(rAdjHdr + 1 + i, 17).GetString()?.Trim(); // Q: 차감액"
Mapping_EntityCe.cs,458,rRecastDown,15,"var v = ws.Cell(rRecastDown, 15).GetString()?.Trim();"
Mapping_EntityCe.cs,478,rRecastUp,15,"var v = ws.Cell(rRecastUp, 15).GetString()?.Trim();"
Mapping_EntityCe.cs,498,rTotal,15,"totalVal = ws.Cell(rTotal, 15).GetString()?.Trim();"
Mapping_EntityCe.cs,548,rFanil,13,"var v = ws.Cell(rFanil, 13).GetString()?.Trim();"
Mapping_EntityCe.cs,564,rAdjHdr + 1 + i,13,"var adds = ws.Cell(rAdjHdr + 1 + i, 13).GetString()?.Trim(); // M: 가산액"
Mapping_EntityCe.cs,565,rAdjHdr + 1 + i,16,"var reds = ws.Cell(rAdjHdr + 1 + i, 16).GetString()?.Trim(); // P: 차감액"
Mapping_EntityCe.cs,584,rTotal,13,"var v = ws.Cell(rTotal, 13).GetString()?.Trim();"
Mapping_EntityCe.cs,610,rHdr + 2,3,"fanilVal = ws.Cell(rHdr + 2, 3).GetString()?.Trim(); // C열: 조정 전 회계상 순손익"
Mapping_EntityCe.cs,615,rM16,13,"fanilVal = ws.Cell(rM16, 13).GetString()?.Trim();"
Mapping_EntityCe.cs,628,r,5,"var basisRaw = ws.Cell(r, 5).GetString()?.Trim();  // E: 조정근거"
Mapping_EntityCe.cs,629,r,7,"var otherTinRaw = ws.Cell(r, 7).GetString()?.Trim(); // G: 상대TIN"
Mapping_EntityCe.cs,630,r,12,"var adds = ws.Cell(r, 12).GetString()?.Trim();       // L: 가산액"
Mapping_EntityCe.cs,631,r,14,"var reds = ws.Cell(r, 14).GetString()?.Trim();       // N: 차감액"
Mapping_EntityCe.cs,651,r,10,"var ccRaw = ws.Cell(r, 10).GetString()?.Trim(); // J: 소재지국"
Mapping_EntityCe.cs,681,r,3,"var basisRaw = ws.Cell(r, 3).GetString()?.Trim();   // C: 조정근거"
Mapping_EntityCe.cs,682,r,6,"var otherTinRaw = ws.Cell(r, 6).GetString()?.Trim(); // F: 상대TIN"
Mapping_EntityCe.cs,683,r,12,"var adds = ws.Cell(r, 12).GetString()?.Trim();       // L: 가산액"
Mapping_EntityCe.cs,684,r,16,"var reds = ws.Cell(r, 16).GetString()?.Trim();       // P: 차감액"
Mapping_EntityCe.cs,704,r,9,"var ccRaw = ws.Cell(r, 9).GetString()?.Trim(); // I: 소재지국"
Mapping_EntityCe.cs,734,r,5,"var basisRaw  = ws.Cell(r, 5).GetString()?.Trim();   // E: 감액근거"
Mapping_EntityCe.cs,735,r,8,"var ownerRaw  = ws.Cell(r, 8).GetString()?.Trim();   // H: 소유지분보유자TIN"
Mapping_EntityCe.cs,736,r,11,"var pctRaw    = ws.Cell(r, 11).GetString()?.Trim();  // K: 직접보유비율(%)"
Mapping_EntityCe.cs,737,r,14,"var reductRaw = ws.Cell(r, 14).GetString()?.Trim();  // N: 소득차감액"
Mapping_EntityCe.cs,883,rMaeYear,15,"var vA = ws.Cell(rMaeYear, 15).GetString()?.Trim();"
Mapping_EntityCe.cs,890,rMaeYear + 1,15,"var vB = ws.Cell(rMaeYear + 1, 15).GetString()?.Trim();"
Mapping_EntityCe.cs,897,rMaeYear + 2,15,"var vC = ws.Cell(rMaeYear + 2, 15).GetString()?.Trim();"
Mapping_EntityCe.cs,1003,r,5,"var eyRaw = ws.Cell(r, 5).GetString()?.Trim();  // E: 사업연도"
Mapping_EntityCe.cs,1004,r,9,"var inclRaw = ws.Cell(r, 9).GetString()?.Trim(); // I: (i)/(ii) 병합 앵커"
Mapping_EntityCe.cs,1062,rSec + offset,15,"string V(int offset) => ws.Cell(rSec + offset, 15).GetString()?.Trim();"
Mapping_EntityCe.cs,1180,r,5,"var eRaw = ws.Cell(r, 5).GetString()?.Trim();  // E: 투자기업 TIN"
Mapping_EntityCe.cs,1181,r,7,"var gRaw = ws.Cell(r, 7).GetString()?.Trim();  // G: ActualDeemedDist"
Mapping_EntityCe.cs,1182,r,11,"var kRaw = ws.Cell(r, 11).GetString()?.Trim(); // K: LocalCreditableTaxGross"
Mapping_EntityCe.cs,1183,r,14,"var nRaw = ws.Cell(r, 14).GetString()?.Trim(); // N: ShareOfUndistNetGlobeInc"
Mapping_EntityCe.cs,1240,r,2,"var bRaw = ws.Cell(r, 2).GetString()?.Trim();"
Mapping_EntityCe.cs,1241,r,11,"var kRaw = ws.Cell(r, 11).GetString()?.Trim();"
Mapping_EntityCe.cs,1280,rLtce,15,"var tinRaw = ws.Cell(rLtce,     15).GetString()?.Trim(); // a: TIN"
Mapping_EntityCe.cs,1281,rLtce + 1,15,"var ngiRaw = ws.Cell(rLtce + 1, 15).GetString()?.Trim(); // b: NetGlobeIncome"
Mapping_EntityCe.cs,1282,rLtce + 2,15,"var tutRaw = ws.Cell(rLtce + 2, 15).GetString()?.Trim(); // c: TopUpTax"
Mapping_EntityCe.cs,1298,rParent,15,"var parentRaw = ws.Cell(rParent, 15).GetString()?.Trim();"
Mapping_EntityCe.cs,1412,r2,15,"var art251   = r2 > 0 ? ws.Cell(r2, 15).GetString()?.Trim() : null;"
Mapping_EntityCe.cs,1413,r3,15,"var totalUtpr = r3 > 0 ? ws.Cell(r3, 15).GetString()?.Trim() : null;"
Mapping_EntityCe.cs,1429,row,15,"var eyRaw = ws.Cell(row, 15).GetString()?.Trim(); // O"
Mapping_EntityCe.cs,1430,row,17,"var ryRaw = ws.Cell(row, 17).GetString()?.Trim(); // Q"
Mapping_EntityCe.cs,1462,r,2,"var v = ws.Cell(r, 2).GetString();"
Mapping_JurCal.cs,148,r,2,"var txt = ws.Cell(r, 2).GetString()?.Trim() ?? """";"
Mapping_JurCal.cs,163,r,2,"var txt = ws.Cell(r, 2).GetString()?.Trim() ?? """";"
Mapping_JurCal.cs,182,row31 + 1,15,"var jurRaw = ws.Cell(row31 + 1, 15).GetString()?.Trim(); // O: +1 국가명"
Mapping_JurCal.cs,216,row31 + 2,15,"var subGroupTypeRaw = ws.Cell(row31 + 2, 15).GetString()?.Trim();"
Mapping_JurCal.cs,217,row31 + 3,15,"var subGroupTinRaw = ws.Cell(row31 + 3, 15).GetString()?.Trim();"
Mapping_JurCal.cs,272,dRow,2,"var fanilRaw = ws.Cell(dRow, 2).GetString()?.Trim(); // B: FANIL"
Mapping_JurCal.cs,273,dRow,9,"var incTaxRaw = ws.Cell(dRow, 9).GetString()?.Trim(); // I: IncomeTaxExpense"
Mapping_JurCal.cs,274,dRow,15,"var etrRateRaw = ws.Cell(dRow, 15).GetString()?.Trim(); // O: ETRRate"
Mapping_JurCal.cs,275,dRow + 3,15,"var adjFanilRaw = ws.Cell(dRow + 3, 15).GetString()?.Trim(); // O+3: AdjustedFANIL"
Mapping_JurCal.cs,276,dRow + 31,15,"var netGlobeRaw = ws.Cell(dRow + 31, 15).GetString()?.Trim(); // O+31: NetGlobeIncome.Total"
Mapping_JurCal.cs,282,row3212 + 2,15,"var aggTaxRaw = row3212 >= 0 ? ws.Cell(row3212 + 2, 15).GetString()?.Trim() : null; // O+2: AggregrateCurrentTax"
Mapping_JurCal.cs,283,row3212 + 24,15,"var adjTaxRaw = row3212 >= 0 ? ws.Cell(row3212 + 24, 15).GetString()?.Trim() : null; // O+24: Total"
Mapping_JurCal.cs,287,rowExcess + 1,15,"var exPriorRaw = rowExcess >= 0 ? ws.Cell(rowExcess + 1, 15).GetString()?.Trim() : null;"
Mapping_JurCal.cs,288,rowExcess + 2,15,"var exGenRaw = rowExcess >= 0 ? ws.Cell(rowExcess + 2, 15).GetString()?.Trim() : null;"
Mapping_JurCal.cs,289,rowExcess + 3,15,"var exUtilRaw = rowExcess >= 0 ? ws.Cell(rowExcess + 3, 15).GetString()?.Trim() : null;"
Mapping_JurCal.cs,290,rowExcess + 4,15,"var exRemRaw = rowExcess >= 0 ? ws.Cell(rowExcess + 4, 15).GetString()?.Trim() : null;"
Mapping_JurCal.cs,326,dRow + 5 + i,15,"var amount = ws.Cell(dRow + 5 + i, 15).GetString()?.Trim();"
Mapping_JurCal.cs,359,row3212 + 4 + i,15,"var amount = ws.Cell(row3212 + 4 + i, 15).GetString()?.Trim();"
Mapping_JurCal.cs,382,row,2,"var cfcJurRaw = ws.Cell(row, 2).GetString()?.Trim();"
Mapping_JurCal.cs,392,row,5,"var tinRaw = ws.Cell(row, 5).GetString()?.Trim();"
Mapping_JurCal.cs,393,row,10,"var amtRaw = ws.Cell(row, 10).GetString()?.Trim();"
Mapping_JurCal.cs,481,rowHeader + 5,2,"var dtlStartRaw = ws.Cell(rowHeader + 5, 2).GetString()?.Trim(); // 1. B열"
Mapping_JurCal.cs,482,rowHeader + 5,11,"var dtlRecastRaw = ws.Cell(rowHeader + 5, 11).GetString()?.Trim(); // 2. K열"
Mapping_JurCal.cs,483,rowHeader + 9,2,"var dtaStartRaw = ws.Cell(rowHeader + 9, 2).GetString()?.Trim(); // 3. B열"
Mapping_JurCal.cs,484,rowHeader + 9,6,"var dtaRecastRaw = ws.Cell(rowHeader + 9, 6).GetString()?.Trim(); // 4. F열"
Mapping_JurCal.cs,485,rowHeader + 9,11,"var dtaExclRaw = ws.Cell(rowHeader + 9, 11).GetString()?.Trim(); // 5. K열"
Mapping_JurCal.cs,486,rowHeader + 9,15,"var dtaTotalRaw = ws.Cell(rowHeader + 9, 15).GetString()?.Trim(); // 6. O열"
Mapping_JurCal.cs,497,row,2,"var ccRaw = ws.Cell(row, 2).GetString()?.Trim(); // B: ResCountryCode"
Mapping_JurCal.cs,507,row,4,"var taxPaidRaw = ws.Cell(row, 4).GetString()?.Trim(); // D"
Mapping_JurCal.cs,508,row,8,"var netDtadtlRaw = ws.Cell(row, 8).GetString()?.Trim(); // H"
Mapping_JurCal.cs,509,row,11,"var carryValRaw = ws.Cell(row, 11).GetString()?.Trim(); // K"
Mapping_JurCal.cs,510,row,14,"var dtadtlRaw = ws.Cell(row, 14).GetString()?.Trim(); // N"
Mapping_JurCal.cs,555,rowHeader + 1,15,"var yearRaw = ws.Cell(rowHeader + 1, 15).GetString()?.Trim();"
Mapping_JurCal.cs,622,row,2,"var bVal = ws.Cell(row, 2).GetString()?.Trim();"
Mapping_JurCal.cs,626,row,6,"var fVal = ws.Cell(row, 6).GetString()?.Trim();"
Mapping_JurCal.cs,627,row,10,"var jVal = ws.Cell(row, 10).GetString()?.Trim();"
Mapping_JurCal.cs,723,rowA + 1,15,"var dtlMinus5Raw = ws.Cell(rowA + 1, 15).GetString()?.Trim(); // 1. DTLRFYMinus5"
Mapping_JurCal.cs,724,rowA + 2,15,"var recapMinus5Raw = ws.Cell(rowA + 2, 15).GetString()?.Trim(); // 2. RecapDTLRFYMinus5"
Mapping_JurCal.cs,725,rowA + 3,15,"var dtlRfyRaw = ws.Cell(rowA + 3, 15).GetString()?.Trim(); // 3. DTLRFY"
Mapping_JurCal.cs,737,rowB + 2,10,"rfyPreTrans = ws.Cell(rowB + 2, 10).GetString()?.Trim();"
Mapping_JurCal.cs,738,rowB + 2,14,"priorPreTrans = ws.Cell(rowB + 2, 14).GetString()?.Trim();"
Mapping_JurCal.cs,739,rowB + 3,10,"rfyOutBal = ws.Cell(rowB + 3, 10).GetString()?.Trim();"
Mapping_JurCal.cs,740,rowB + 3,14,"priorOutBal = ws.Cell(rowB + 3, 14).GetString()?.Trim();"
Mapping_JurCal.cs,741,rowB + 4,10,"rfyUnjust = ws.Cell(rowB + 4, 10).GetString()?.Trim();"
Mapping_JurCal.cs,742,rowB + 4,14,"priorUnjust = ws.Cell(rowB + 4, 14).GetString()?.Trim();"
Mapping_JurCal.cs,859,rowSummary + 1,15,"var defTaxRaw = ws.Cell(rowSummary + 1, 15).GetString()?.Trim(); // a"
Mapping_JurCal.cs,860,rowSummary + 2,15,"var diffCarryRaw = ws.Cell(rowSummary + 2, 15).GetString()?.Trim(); // b"
Mapping_JurCal.cs,861,rowSummary + 3,15,"var globeValRaw = ws.Cell(rowSummary + 3, 15).GetString()?.Trim(); // c"
Mapping_JurCal.cs,862,rowSummary + 4,15,"var befRecastRaw = ws.Cell(rowSummary + 4, 15).GetString()?.Trim(); // d"
Mapping_JurCal.cs,863,rowSummary + 5,15,"var totalAdjRaw = ws.Cell(rowSummary + 5, 15).GetString()?.Trim(); // 2. 총조정금액"
Mapping_JurCal.cs,864,rowSummary + 6,15,"var preRecastRaw = ws.Cell(rowSummary + 6, 15).GetString()?.Trim(); // e"
Mapping_JurCal.cs,865,rowSummary + 7,15,"var recastLoRaw = ws.Cell(rowSummary + 7, 15).GetString()?.Trim(); // f (낮은)"
Mapping_JurCal.cs,866,rowSummary + 8,15,"var recastHiRaw = ws.Cell(rowSummary + 8, 15).GetString()?.Trim(); // g (높은)"
Mapping_JurCal.cs,867,rowSummary + 9,15,"var totalRaw = ws.Cell(rowSummary + 9, 15).GetString()?.Trim(); // 4. 총이연법인세조정금액"
Mapping_JurCal.cs,879,rowDetail + 2 + i,15,"detailAmts[i] = ws.Cell(rowDetail + 2 + i, 15).GetString()?.Trim();"
Mapping_JurCal.cs,1014,rA,13,"var v = ws.Cell(rA, 13).GetString()?.Trim();"
Mapping_JurCal.cs,1023,rB,13,"var v = ws.Cell(rB, 13).GetString()?.Trim();"
Mapping_JurCal.cs,1032,rC,13,"var v = ws.Cell(rC, 13).GetString()?.Trim();"
Mapping_JurCal.cs,1041,rD,13,"var v = ws.Cell(rD, 13).GetString()?.Trim();"
Mapping_JurCal.cs,1052,row,13,"var mRaw = ws.Cell(row, 13).GetString()?.Trim();"
Mapping_JurCal.cs,1053,row,16,"var pRaw = ws.Cell(row, 16).GetString()?.Trim();"
Mapping_JurCal.cs,1084,rowB321C + 1,15,"var v1 = ws.Cell(rowB321C + 1, 15).GetString()?.Trim();"
Mapping_JurCal.cs,1085,rowB321C + 2,15,"var v2 = ws.Cell(rowB321C + 2, 15).GetString()?.Trim();"
Mapping_JurCal.cs,1086,rowB321C + 3,15,"var v3 = ws.Cell(rowB321C + 3, 15).GetString()?.Trim();"
Mapping_JurCal.cs,1087,rowB321C + 4,15,"var v4 = ws.Cell(rowB321C + 4, 15).GetString()?.Trim();"
Mapping_JurCal.cs,1088,rowB321C + 5,15,"var v5 = ws.Cell(rowB321C + 5, 15).GetString()?.Trim();"
Mapping_JurCal.cs,1211,rowElect,15,"var v = ws.Cell(rowElect, 15).GetString()?.Trim();"
Mapping_JurCal.cs,1230,row,2,"var bRaw = ws.Cell(row, 2).GetString()?.Trim();"
Mapping_JurCal.cs,1243,row,3,"var cRaw = FilterNA(ws.Cell(row, 3).GetString()?.Trim()); // StartAmount"
Mapping_JurCal.cs,1244,row,6,"var fRaw = FilterNA(ws.Cell(row, 6).GetString()?.Trim()); // DdtYear3"
Mapping_JurCal.cs,1245,row,9,"var iRaw = FilterNA(ws.Cell(row, 9).GetString()?.Trim()); // DdtYear2"
Mapping_JurCal.cs,1246,row,11,"var kRaw = FilterNA(ws.Cell(row, 11).GetString()?.Trim()); // DdtYear1"
Mapping_JurCal.cs,1247,row,13,"var mRaw = FilterNA(ws.Cell(row, 13).GetString()?.Trim()); // DdtYear0"
Mapping_JurCal.cs,1248,row,16,"var pRaw = FilterNA(ws.Cell(row, 16).GetString()?.Trim()); // EndAmount"
Mapping_JurCal.cs,1286,rowBb + 2,2,"reductionRaw = ws.Cell(rowBb + 2, 2).GetString()?.Trim();"
Mapping_JurCal.cs,1287,rowBb + 2,7,"incrRaw = ws.Cell(rowBb + 2, 7).GetString()?.Trim();"
Mapping_JurCal.cs,1288,rowBb + 2,13,"ratioRaw = ws.Cell(rowBb + 2, 13).GetString()?.Trim();"
Mapping_JurCal.cs,1391,dr,2,"var pctRaw = ws.Cell(dr, 2).GetString()?.Trim(); // B: 추가세액비율"
Mapping_JurCal.cs,1392,dr,6,"var excessRaw = ws.Cell(dr, 6).GetString()?.Trim(); // F: 초과이익"
Mapping_JurCal.cs,1393,dr,16,"var taxRaw = ws.Cell(dr, 16).GetString()?.Trim(); // P: 추가세액"
Mapping_JurCal.cs,1429,dr,14,"var total = ws.Cell(dr, 14).GetString()?.Trim(); // N"
Mapping_JurCal.cs,1430,dr,2,"var payrollCost = ws.Cell(dr, 2).GetString()?.Trim(); // B"
Mapping_JurCal.cs,1431,dr,4,"var payrollMupRaw = ws.Cell(dr, 4).GetString()?.Trim(); // D"
Mapping_JurCal.cs,1432,dr,8,"var tangibleVal = ws.Cell(dr, 8).GetString()?.Trim(); // H"
Mapping_JurCal.cs,1433,dr,11,"var tangibleMupRaw = ws.Cell(dr, 11).GetString()?.Trim(); // K"
Mapping_JurCal.cs,1481,r,2,"var payRaw = ws.Cell(r, 2).GetString()?.Trim(); // B"
Mapping_JurCal.cs,1487,r,4,"var tanRaw = ws.Cell(r, 4).GetString()?.Trim(); // D"
Mapping_JurCal.cs,1488,r,8,"var jurRaw = ws.Cell(r, 8).GetString()?.Trim(); // H"
Mapping_JurCal.cs,1489,r,11,"var paAlRaw = ws.Cell(r, 11).GetString()?.Trim(); // K"
Mapping_JurCal.cs,1490,r,14,"var taAlRaw = ws.Cell(r, 14).GetString()?.Trim(); // N"
Mapping_JurCal.cs,1536,r,2,"var payRaw = ws.Cell(r, 2).GetString()?.Trim(); // B"
Mapping_JurCal.cs,1539,r,4,"var tanRaw = ws.Cell(r, 4).GetString()?.Trim(); // D"
Mapping_JurCal.cs,1540,r,8,"var jurRaw = ws.Cell(r, 8).GetString()?.Trim(); // H"
Mapping_JurCal.cs,1541,r,11,"var paAlRaw = ws.Cell(r, 11).GetString()?.Trim(); // K"
Mapping_JurCal.cs,1542,r,14,"var taAlRaw = ws.Cell(r, 14).GetString()?.Trim(); // N"
Mapping_JurCal.cs,1605,r,2,"var articlesRaw = ws.Cell(r, 2).GetString()?.Trim(); // B"
Mapping_JurCal.cs,1608,r,3,"var yearRaw = ws.Cell(r, 3).GetString()?.Trim(); // C"
Mapping_JurCal.cs,1704,rAct,13,"var actRaw = rAct >= 0 ? ws.Cell(rAct, 13).GetString()?.Trim() : null; // M"
Mapping_JurCal.cs,1705,rLoss,13,"var lossRaw = rLoss >= 0 ? ws.Cell(rLoss, 13).GetString()?.Trim() : null;"
Mapping_JurCal.cs,1706,rExp,13,"var expRaw = rExp >= 0 ? ws.Cell(rExp, 13).GetString()?.Trim() : null;"
Mapping_JurCal.cs,1707,rAdd,13,"var addRaw = rAdd >= 0 ? ws.Cell(rAdd, 13).GetString()?.Trim() : null;"
Mapping_JurCal.cs,1753,rFas,11,"var fasRaw = rFas >= 0 ? ws.Cell(rFas, 11).GetString()?.Trim() : null; // K"
Mapping_JurCal.cs,1754,rAmt,11,"var amtRaw = rAmt >= 0 ? ws.Cell(rAmt, 11).GetString()?.Trim() : null;"
Mapping_JurCal.cs,1755,rRate,11,"var rateRaw = rRate >= 0 ? ws.Cell(rRate, 11).GetString()?.Trim() : null;"
Mapping_JurCal.cs,1756,rBasis,11,"var basisRaw = rBasis >= 0 ? ws.Cell(rBasis, 11).GetString()?.Trim() : null;"
Mapping_JurCal.cs,1757,rCur,11,"var curRaw = rCur >= 0 ? ws.Cell(rCur, 11).GetString()?.Trim() : null;"
Mapping_JurCal.cs,1758,rSbie,11,"var sbieRaw = rSbie >= 0 ? ws.Cell(rSbie, 11).GetString()?.Trim() : null;"
Mapping_JurCal.cs,1759,rDeMin,11,"var deMinRaw = rDeMin >= 0 ? ws.Cell(rDeMin, 11).GetString()?.Trim() : null;"
Mapping_JurCal.cs,1763,rCurElData,11,"var curElCurRaw = rCurElData >= 0 ? ws.Cell(rCurElData, 11).GetString()?.Trim() : null; // K"
Mapping_JurCal.cs,1764,rCurElData,13,"var curElSelRaw = rCurElData >= 0 ? ws.Cell(rCurElData, 13).GetString()?.Trim() : null; // M"
Mapping_JurCal.cs,1765,rCurElData,16,"var curElRevRaw = rCurElData >= 0 ? ws.Cell(rCurElData, 16).GetString()?.Trim() : null; // P"
Mapping_JurCal.cs,1855,r1,14,"var totalIntShipRaw = r1 >= 0 ? ws.Cell(r1, 14).GetString()?.Trim() : null;"
Mapping_JurCal.cs,1856,r2,14,"var fiftyCapRaw = r2 >= 0 ? ws.Cell(r2, 14).GetString()?.Trim() : null;"
Mapping_JurCal.cs,1857,r3,14,"var totalQualAncRaw = r3 >= 0 ? ws.Cell(r3, 14).GetString()?.Trim() : null;"
Mapping_JurCal.cs,1858,r4,14,"var excessCapRaw = r4 >= 0 ? ws.Cell(r4, 14).GetString()?.Trim() : null;"
Mapping_Utpr.cs,32,row,2,"var resCodeRaw = ws.Cell(row, 2).GetString()?.Trim(); // B"
Mapping_Utpr.cs,41,row,3,"UtprTopUpTaxCarryForward = ws.Cell(row,  3).GetString()?.Trim() ?? """", // C"
Mapping_Utpr.cs,42,row,5,"Employees               = ws.Cell(row,  5).GetString()?.Trim(),         // E"
Mapping_Utpr.cs,43,row,7,"TangibleAssetValue      = ws.Cell(row,  7).GetString()?.Trim(),         // G"
Mapping_Utpr.cs,44,row,12,"UtprTopUpTaxAttributed  = ws.Cell(row, 12).GetString()?.Trim() ?? """", // L"
Mapping_Utpr.cs,45,row,14,"AddCashTaxExpense       = ws.Cell(row, 14).GetString()?.Trim() ?? """", // N"
Mapping_Utpr.cs,46,row,17,"UtprTopUpTaxCarriedForward = ws.Cell(row, 17).GetString()?.Trim() ?? """", // Q"
Mapping_Utpr.cs,50,row,10,"var pctRaw = ws.Cell(row, 10).GetString()?.Trim();"
