sheet,address,row,col,mergeRange,mergeAnchor,kind,text
기업매핑,B2,2,2,,,label,기업 납세자번호
기업매핑,C2,2,3,,,label,국가명
기업매핑,D2,2,4,,,label,하위그룹 유형
기업매핑,E2,2,5,,,label,하위그룹 최상위기업 납세자번호
Main 작성요령,B2,2,2,,,label,시트명
Main 작성요령,C2,2,3,,,label,항목번호
Main 작성요령,D2,2,4,,,label,항목명
Main 작성요령,E2,2,5,,,label,항목내용
Main 작성요령,F2,2,6,,,label,복수선택
Main 작성요령,B3,3,2,,,label,다국적기업그룹 정보
Main 작성요령,C3,3,3,,,value,1.1.2
Main 작성요령,D3,3,4,,,label,신고구성기업 상호
Main 작성요령,E3,3,5,,,label,"영문명을 기재합니다.  국문명도 기재하고자 하는 경우 영문명, 국문명을 세미콜론(;)을 기준으로 구분하여 기재합니다."
Main 작성요령,B4,4,2,,,label,다국적기업그룹 정보
Main 작성요령,C4,4,3,,,value,1.1.3
Main 작성요령,D4,4,4,,,label,납세자번호
Main 작성요령,E4,4,5,,,label,"납세자번호, 납세자번호 유형, 발급국가를 컴마로 구분하여 기재    납세자번호 유형  GIR3001: Tax Identification Number  GIR3002: Functionally equivalent number  GIR3003: Agreed GIR designated number  GIR3004: Not required to be reported    발급국가 ISO3166-alpha2"
Main 작성요령,B5,5,2,,,label,다국적기업그룹 정보
Main 작성요령,C5,5,3,,,value,1.1.4
Main 작성요령,D5,5,4,,,label,신고구성기업 지위
Main 작성요령,E5,5,5,,,candidate,GIR401: UPE GIR402: Designated Filing Entity GIR403: Designated Local Entity GIR404: Constituent Entity GIR405: Other
Main 작성요령,B6,6,2,,,label,다국적기업그룹 정보
Main 작성요령,C6,6,3,,,value,1.1.5
Main 작성요령,D6,6,4,,,label,신고구성기업 소재지국
Main 작성요령,E6,6,5,,,label,ISO3166-alpha2 예시) KR
Main 작성요령,B7,7,2,,,label,다국적기업그룹 정보
Main 작성요령,C7,7,3,,,value,1.1.6
Main 작성요령,D7,7,4,,,label,연례 자동정보 교환당사국
Main 작성요령,E7,7,5,,,label,ISO3166-alpha2 예시) KR
Main 작성요령,B8,8,2,,,label,다국적기업그룹 정보
Main 작성요령,C8,8,3,,,value,1.2.2.1
Main 작성요령,D8,8,4,,,label,최종모기업 연결재무제표(유형)
Main 작성요령,E8,8,5,,,label,MR 54~55p Consolidated FS 정의  GIR501: (a)  GIR502: (b)  GIR503: (c)  GIR504: (d)
Main 작성요령,B9,9,2,,,label,다국적기업그룹 정보
Main 작성요령,C9,9,3,,,value,1.2.2.3
Main 작성요령,D9,9,4,,,label,최종모기업 연결재무제표 통화
Main 작성요령,E9,9,5,,,label,ISO4217-alpha3 예시) KRW
Main 작성요령,B10,10,2,,,label,최종모기업
Main 작성요령,C10,10,3,,,value,1.3.1.2
Main 작성요령,D10,10,4,,,label,적용가능규칙
Main 작성요령,E10,10,5,,,label,GIR201: QIIR ─ 다른 소재지국 저율과세구성기업에만 적용 GIR202: QIIR ─ 다른 소재지국 + 모기업 소재지국 저율과세구성기업 모두 적용 GIR203: QUTPR GIR204: QDMTT GIR205: Not Applicable
Main 작성요령,F10,10,6,,,label,가능(컴마로 구분)
Main 작성요령,B11,11,2,,,label,최종모기업
Main 작성요령,C11,11,3,,,value,1.3.1.4
Main 작성요령,D11,11,4,,,label,최종모기업 납세자번호
Main 작성요령,E11,11,5,,,label,"납세자번호, 납세자번호 유형, 발급국가를 컴마로 구분하여 기재    납세자번호 유형  GIR3001: Tax Identification Number  GIR3002: Functionally equivalent number  GIR3003: Agreed GIR designated number  GIR3004: Not required to be reported    발급국가 ISO3166-alpha2"
Main 작성요령,B12,12,2,,,label,최종모기업
Main 작성요령,C12,12,3,,,value,1.3.1.6
Main 작성요령,D12,12,4,,,label,글로벌최저한세 목적상 기업유형
Main 작성요령,E12,12,5,,,candidate,GIR701: Constituent Entity GIR702: Flow-Through Entity - Tax Transparent GIR703: Flow-Through Entity - Reverse Hybrid GIR704: Hybrid Entity GIR705: Permanent Establishment GIR706: Main Entity GIR707: Minority-Owned Parent Entity GIR708: Minority-Owned Subsidiary GIR709: Minority-Owned Constituent ENtity GIR710: Investment Entity GIR711: Insurance Investment Entity GIR712: Securitisation Entity GIR713: JV GIR714: JV Subsidiary GIR715: Non-Material Constituent Entity GIR716: POPE GIR717: Intermediate Parent Entity GIR718: Ultimate Parent Entity GIR719: Excluded Entity GIR720: Parent Entity Required to apply a QIIR under Art 10.3.5 GIR721: Non-Group member
Main 작성요령,F12,12,6,,,label,가능(컴마로 구분)
Main 작성요령,B13,13,2,,,label,최종모기업
Main 작성요령,C13,13,3,,,value,1.3.1.7
Main 작성요령,D13,13,4,,,label,제외기업 유형
Main 작성요령,E13,13,5,,,candidate,GIR601: Governmental Entity GIR602: International Organisation GIR603: Non-profit Organisation GIR604: Pension Fund GIR605: Investment Fund that is an UPE GIR606: Real Estate Investment Vehicle that is an UPE
Main 작성요령,B14,14,2,,,label,최종모기업
Main 작성요령,C14,14,3,,,value,1.3.1.8
Main 작성요령,D14,14,4,,,label,국조령 제103조제4항 적용 국가에 해당되는 경우
Main 작성요령,E14,14,5,,,label,ISO3166-alpha2 예시) KR
Main 작성요령,F14,14,6,,,label,가능(컴마로 구분)
Main 작성요령,B15,15,2,,,label,그룹구조
Main 작성요령,C15,15,3,,,value,1.3.2.1.2
Main 작성요령,D15,15,4,,,label,소재지국
Main 작성요령,E15,15,5,,,label,ISO3166-alpha2 예시) KR
Main 작성요령,F15,15,6,,,label,가능(컴마로 구분)
Main 작성요령,B16,16,2,,,label,그룹구조
Main 작성요령,C16,16,3,,,value,1.3.2.1.3
Main 작성요령,D16,16,4,,,label,적용가능규칙
Main 작성요령,E16,16,5,,,label,GIR201: QIIR ─ 다른 소재지국 저율과세구성기업에만 적용 GIR202: QIIR ─ 다른 소재지국 + 모기업 소재지국 저율과세구성기업 모두 적용 GIR203: QUTPR GIR204: QDMTT GIR205: Not Applicable
Main 작성요령,F16,16,6,,,label,가능(컴마로 구분)
Main 작성요령,B17,17,2,,,label,그룹구조
Main 작성요령,C17,17,3,,,value,1.3.2.1.4
Main 작성요령,D17,17,4,,,label,"구성기업, 공동기업 또는 공동기업 자회사의 상호"
Main 작성요령,E17,17,5,,,label,"영문명을 기재합니다.   국문명도 기재하고자 하는 경우 영문명, 국문명을 세미콜론(;)을 기준으로 구분하여 기재합니다."
Main 작성요령,B18,18,2,,,label,그룹구조
Main 작성요령,C18,18,3,,,value,1.3.2.1.5
Main 작성요령,D18,18,4,,,label,납세자번호
Main 작성요령,E18,18,5,,,label,"납세자번호, 납세자번호 유형, 발급국가를 컴마로 구분하여 기재    납세자번호 유형  GIR3001: Tax Identification Number  GIR3002: Functionally equivalent number  GIR3003: Agreed GIR designated number  GIR3004: Not required to be reported    발급국가 ISO3166-alpha2"
Main 작성요령,B19,19,2,,,label,그룹구조
Main 작성요령,C19,19,3,,,value,1.3.2.1.7
Main 작성요령,D19,19,4,,,label,글로벌최저한세 목적상 기업유형
Main 작성요령,E19,19,5,,,candidate,GIR301: Constituent Entity GIR302: Flow-Through Entity - Tax Transparent GIR303: Flow-Through Entity - Reverse Hybrid GIR304: Hybrid Entity GIR305: Permanent Establishment GIR306: Main Entity GIR307: Minority-Owned Parent Entity GIR308: Minority-Owned Subsidiary GIR309: Minority-Owned Constituent Entity GIR310: Investment Entity GIR311: Insurance Investment Entity GIR312: Securitisation Entity GIR313: JV GIR314: JV Subsidiary GIR315: Non-Material Constituent Entity GIR316: Excluded Entity GIR317: Parent Entity required to apply a QIIR under Article 10.3.5 GIR318: Non-group Member
Main 작성요령,F19,19,6,,,label,가능(컴마로 구분)
Main 작성요령,B20,20,2,,,label,그룹구조
Main 작성요령,C20,20,3,,,label,1.3.2.1.8~10
Main 작성요령,D20,20,4,,,label,소유지분구조
Main 작성요령,E20,20,5,,,label,"모기업 유형, 납세자번호, 납세자번호 유형, 발급국가, 소유지분(0~1 값으로 기재)을 콤마로 구분하여 기재 예시) GIR801, 12345, GIR3001, KR, 1  모기업 유형 GIR801: UPE GIR802: Constituent Entities GIR803: JVs GIR804: JV Subsidiaries GIR805: Excluded Entities (aggregate) GIR806: Non-Group members (aggregate)  납세자번호 유형 GIR3001: Tax Identification Number GIR3002: Functionally equivalent number GIR3003: Agreed GIR designated number GIR3004: Not required to be reported  발급국가 ISO3166-alpha2"
Main 작성요령,F20,20,6,,,label,가능(세미콜론으로 구분)
Main 작성요령,B21,21,2,,,label,그룹구조
Main 작성요령,C21,21,3,,,value,1.3.2.1.11
Main 작성요령,D21,21,4,,,label,모기업 유형
Main 작성요령,E21,21,5,,,candidate,GIR901: POPE  GIR902: Intermediate Parent Entity  GIR903: Parent Entity required to apply a QIIR under Art. 10.3.5
Main 작성요령,B22,22,2,,,label,그룹구조
Main 작성요령,C22,22,3,,,value,1.3.2.1.12
Main 작성요령,D22,22,4,,,label,Art2.1.3에 따른 모기업의 납세자번호
Main 작성요령,E22,22,5,,,label,"납세자번호, 납세자번호 유형, 발급국가를 컴마로 구분하여 기재    납세자번호 유형  GIR3001: Tax Identification Number  GIR3002: Functionally equivalent number  GIR3003: Agreed GIR designated number  GIR3004: Not required to be reported    발급국가 ISO3166-alpha2"
Main 작성요령,B23,23,2,,,label,그룹구조
Main 작성요령,C23,23,3,,,value,1.3.2.1.13
Main 작성요령,D23,23,4,,,label,Art2.1.5에 따른 모기업의 납세자번호
Main 작성요령,E23,23,5,,,label,"납세자번호, 납세자번호 유형, 발급국가를 컴마로 구분하여 기재    납세자번호 유형  GIR3001: Tax Identification Number  GIR3002: Functionally equivalent number  GIR3003: Agreed GIR designated number  GIR3004: Not required to be reported    발급국가 ISO3166-alpha2"
Main 작성요령,B24,24,2,,,label,제외기업
Main 작성요령,C24,24,3,,,value,1.3.2.2.2
Main 작성요령,D24,24,4,,,label,제외기업 상호
Main 작성요령,E24,24,5,,,label,"영문명을 기재합니다.  국문명도 기재하고자 하는 경우 영문명, 국문명을 세미콜론(;)을 기준으로 구분하여 기재합니다."
Main 작성요령,B25,25,2,,,label,제외기업
Main 작성요령,C25,25,3,,,value,1.3.2.2.3
Main 작성요령,D25,25,4,,,label,제외기업 유형
Main 작성요령,E25,25,5,,,candidate,GIR1001: Governmental Entity GIR1002: International Organisation GIR1003: Non-profit Organisation GIR1004: Pension Fund GIR1005: Investment Fund that is an UPE GIR1006: Real Estate Investment Vehicle that is an UPE GIR1007: Entity owned by Excluded Entities under Article 1.5.2(a) GIR1008: Entity owned by Excluded Entities under Article 1.5.2(b)
Main 작성요령,B26,26,2,,,label,그룹구조 변동
Main 작성요령,C26,26,3,,,value,1.3.3.1
Main 작성요령,D26,26,4,,,label,구성기업 (또는 다국적기업그룹의 다른 기업) 또는 공동기업그룹기업의 상호
Main 작성요령,E26,26,5,,,label,"영문명을 기재합니다. 국문명도 기재하고자 하는 경우 영문명, 국문명을 세미콜론(;)을 기준으로 구분하여 기재합니다."
Main 작성요령,B27,27,2,,,label,그룹구조 변동
Main 작성요령,C27,27,3,,,value,1.3.3.2
Main 작성요령,D27,27,4,,,label,납세자번호
Main 작성요령,E27,27,5,,,label,"납세자번호, 납세자번호 유형, 발급국가를 컴마로 구분하여 기재    납세자번호 유형  GIR3001: Tax Identification Number  GIR3002: Functionally equivalent number  GIR3003: Agreed GIR designated number  GIR3004: Not required to be reported    발급국가 ISO3166-alpha2"
Main 작성요령,B28,28,2,,,label,그룹구조 변동
Main 작성요령,C28,28,3,,,value,1.3.3.4
Main 작성요령,D28,28,4,,,label,변동 전 글로벌최저한세목적상 기업 유형
Main 작성요령,E28,28,5,,,candidate,GIR701: Constituent Entity GIR702: Flow-Through Entity - Tax Transparent GIR703: Flow-Through Entity - Reverse Hybrid GIR704: Hybrid Entity GIR705: Permanent Establishment GIR706: Main Entity GIR707: Minority-Owned Parent Entity GIR708: Minority-Owned Subsidiary GIR709: Minority-Owned Constituent ENtity GIR710: Investment Entity GIR711: Insurance Investment Entity GIR712: Securitisation Entity GIR713: JV GIR714: JV Subsidiary GIR715: Non-Material Constituent Entity GIR716: POPE GIR717: Intermediate Parent Entity GIR718: Ultimate Parent Entity GIR719: Excluded Entity GIR720: Parent Entity Required to apply a QIIR under Art 10.3.5 GIR721: Non-Group member
Main 작성요령,F28,28,6,,,label,가능(컴마로 구분)
Main 작성요령,B29,29,2,,,label,그룹구조 변동
Main 작성요령,C29,29,3,,,value,1.3.3.9
Main 작성요령,D29,29,4,,,label,주주기업 유형
Main 작성요령,E29,29,5,,,label,서식에는 없으나 XML에 존재하는 내용입니다.    GIR801: UPE  GIR802: Constituent Entities  GIR803: JVs  GIR804: JV Subsidiaries  GIR805: Excluded Entities (aggregate)  GIR806: Non-Group members (aggregate)
Main 작성요령,B30,30,2,,,candidate,요약
Main 작성요령,C30,30,3,,,value,1.4.1
Main 작성요령,D30,30,4,,,label,소재지국
Main 작성요령,E30,30,5,,,label,ISO3166-alpha2 예시) KR
Main 작성요령,B31,31,2,,,candidate,요약
Main 작성요령,C31,31,3,,,value,1.4.2
Main 작성요령,D31,31,4,,,label,하위그룹 유형
Main 작성요령,E31,31,5,,,candidate,GIR1101: Constituent Entities GIR1102: Minority-Owned Subgroup GIR1103: Standalone MOCEs GIR1104: Investment Entities GIR1105: JV Group GIR1106: Stateless Constituent Entity
Main 작성요령,B32,32,2,,,candidate,요약
Main 작성요령,C32,32,3,,,value,1.4.3
Main 작성요령,D32,32,4,,,label,하위그룹 최상위기업 납세자번호
Main 작성요령,E32,32,5,,,label,"납세자번호, 납세자번호 유형, 발급국가를 컴마로 구분하여 기재    납세자번호 유형  GIR3001: Tax Identification Number  GIR3002: Functionally equivalent number  GIR3003: Agreed GIR designated number  GIR3004: Not required to be reported    발급국가 ISO3166-alpha2"
Main 작성요령,B33,33,2,,,candidate,요약
Main 작성요령,C33,33,3,,,value,1.4.4
Main 작성요령,D33,33,4,,,label,글로벌최저한세 과세권이 있는 국가명
Main 작성요령,E33,33,5,,,label,국가코드: ISO3166-alpha2
Main 작성요령,F33,33,6,,,label,가능(컴마로 구분)
Main 작성요령,B34,34,2,,,candidate,요약
Main 작성요령,C34,34,3,,,value,1.4.5
Main 작성요령,D34,34,4,,,label,적용면제 또는 제외 사유
Main 작성요령,E34,34,5,,,candidate,GIR1201: De minimis Exclusion GIR1202: QDMTT safe harbour GIR1203: Transitional CbCR Safe Harbour - De minimis test GIR1204: Transitional CbCR Safe Harbour - ETR test GIR1205: Transitional CbCR Safe Harbour - Routine profit test GIR1206: Transitional UTPR Safe Harbour GIR1207: Permanent Safe Harbour - De minimis test GIR1208: Permanent Safe Harbour - ETR test GIR1209: Permanent Safe Harbour - Routine profit test
Main 작성요령,F34,34,6,,,label,가능(컴마로 구분)
Main 작성요령,B35,35,2,,,candidate,요약
Main 작성요령,C35,35,3,,,value,1.4.6
Main 작성요령,D35,35,4,,,label,실효세율 범위
Main 작성요령,E35,35,5,,,candidate,GIR1301: below 2.5% GIR1302: 2.5% or above but below 5% GIR1303: 5% or above but below 7.5% GIR1304: 7.5% or above but below 10% GIR1305: 10% or above but below 12.5% GIR1306: 12.5% or above but below 15% GIR1307: 15% or above but below 17.5% GIR1308: 17.5% or above but below 20% GIR1309: 20% or above but below 22.5% GIR1310: 22.5% or above but below 25% GIR1311: 25% or above but below 27.5% GIR1312: 27.5% or above but below 30% GIR1313: 30% or above GIR1314: Section 3.2 not completed
Main 작성요령,B36,36,2,,,candidate,요약
Main 작성요령,C36,36,3,,,value,1.4.8
Main 작성요령,D36,36,4,,,label,추가세액 (적격소재국추가세) 범위
Main 작성요령,E36,36,5,,,candidate,GIR1401: No Top-up Tax payable GIR1402: below EUR 1 million GIR1403: EUR 1 million to below EUR 5 million GIR1404: EUR 5 million to below EUR 25 million GIR1405: EUR 25 million to below EUR 50 million GIR1406: EUR 50 million to below EUR 75 million GIR1407: EUR 75 million to below EUR 100 million GIR1408: EUR 100 million to below EUR 250 million GIR1409: EUR 250 million or above
Main 작성요령,B37,37,2,,,candidate,요약
Main 작성요령,C37,37,3,,,value,1.4.9
Main 작성요령,D37,37,4,,,label,추가세액(글로벌최저한세) 범위
Main 작성요령,E37,37,5,,,candidate,GIR1501: No Top-up Tax payable GIR1502: below EUR 1 million GIR1503: EUR 1 million to below EUR 5 million GIR1504: EUR 5 million to below EUR 25 million GIR1505: EUR 25 million to below EUR 50 million GIR1506: EUR 50 million to below EUR 75 million GIR1507: EUR 75 million to below EUR 100 million GIR1508: EUR 100 million to below EUR 250 million GIR1509: EUR 250 million or above
Main 작성요령,B38,38,2,,,label,적용면제
Main 작성요령,C38,38,3,,,value,2.1.1
Main 작성요령,D38,38,4,,,label,소재지국(국가명)
Main 작성요령,E38,38,5,,,label,국가코드: ISO3166-alpha2
Main 작성요령,B39,39,2,,,label,적용면제
Main 작성요령,C39,39,3,,,value,2.1.2
Main 작성요령,D39,39,4,,,label,하위그룹 유형
Main 작성요령,E39,39,5,,,candidate,GIR1101: Constituent Entities GIR1102: Minority-Owned Subgroup GIR1103: Standalone MOCEs GIR1104: Investment Entities GIR1105: JV Group GIR1106: Stateless Constituent Entity
Main 작성요령,B40,40,2,,,label,적용면제
Main 작성요령,C40,40,3,,,value,2.1.3
Main 작성요령,D40,40,4,,,label,하위그룹 최상위기업 납세자번호
Main 작성요령,E40,40,5,,,label,"납세자번호, 납세자번호 유형, 발급국가를 컴마로 구분하여 기재    납세자번호 유형  GIR3001: Tax Identification Number  GIR3002: Functionally equivalent number  GIR3003: Agreed GIR designated number  GIR3004: Not required to be reported    발급국가 ISO3166-alpha2"
Main 작성요령,B41,41,2,,,label,적용면제
Main 작성요령,C41,41,3,,,value,2.1.4
Main 작성요령,D41,41,4,,,label,과세권이 있는 국가
Main 작성요령,E41,41,5,,,label,"국가코드, 하위그룹 유형, 하위그룹 최상위기업 납세자번호, 하위그룹 최상위기업 납세자번호 유형, 하위그룹 최상위기업 납세자번호 발급국가코드를 컴마로 구분하여 기재    국가코드: ISO3166-alpha2    납세자번호 유형  GIR3001: Tax Identification Number  GIR3002: Functionally equivalent number  GIR3003: Agreed GIR designated number  GIR3004: Not required to be reported    하위그룹 유형  GIR1101: Constituent Entities  GIR1102: Minority-Owned Subgroup  GIR1103: Standalone MOCEs  GIR1104: Investment Entities  GIR1105: JV Group  GIR1106: Stateless Constituent Entity"
Main 작성요령,F41,41,6,,,label,가능(세미콜론으로 구분)
Main 작성요령,B42,42,2,,,label,적용면제
Main 작성요령,C42,42,3,,,value,2.3.2
Main 작성요령,D42,42,4,,,label,준거국가
Main 작성요령,E42,42,5,,,label,국가코드: ISO3166-alpha2
Main 작성요령,B43,43,2,,,label,적용면제
Main 작성요령,C43,43,3,,,value,2.3.5
Main 작성요령,D43,43,4,,,label,다국적기업그룹의 최초적용연도에 준거국가 외 국가에 소재하는 구성기업의 유형자산
Main 작성요령,E43,43,5,,,label,소재지국과 유형자산의 순장부가액을 컴마로 연결하여 기재 국가코드: ISO3166-alpha2
Main 작성요령,F43,43,6,,,label,가능(세미콜론으로 구분)
Main 작성요령,B44,44,2,,,label,UTPR 배분
Main 작성요령,C44,44,3,,,value,3.4.3.1
Main 작성요령,D44,44,4,,,label,소득산입보완규칙 시행국가
Main 작성요령,E44,44,5,,,label,국가코드: ISO3166-alpha2
다국적기업그룹 정보,B2,2,2,B2:B5,B2,label,사 업  연 도
다국적기업그룹 정보,C2,2,3,C2:D2,C2,value,2024-01-01 오전 12:00:00
다국적기업그룹 정보,E2,2,5,E2:M5,E2,label,글로벌최저한세정보신고서
다국적기업그룹 정보,N2,2,14,N2:O3,N2,label,법인명(상호)
다국적기업그룹 정보,C3,3,3,C3:D4,C3,candidate,~
다국적기업그룹 정보,N4,4,14,N4:O5,N4,label,사업자등록번호
다국적기업그룹 정보,C5,5,3,C5:D5,C5,value,2024-12-31 오전 12:00:00
다국적기업그룹 정보,B6,6,2,B6:R6,B6,label,1. 다국적기업그룹 정보
다국적기업그룹 정보,B7,7,2,B7:R7,B7,label,1.1 신고구성기업 정보
다국적기업그룹 정보,B8,8,2,B8:C8,B8,label,1. 최종모기업 여부
다국적기업그룹 정보,D8,8,4,D8:G8,D8,label,2. 신고구성기업 상호
다국적기업그룹 정보,H8,8,8,H8:J8,H8,label,3. 납세자번호
다국적기업그룹 정보,K8,8,11,K8:L8,K8,label,4. 신고구성기업 지위
다국적기업그룹 정보,M8,8,13,M8:N8,M8,label,5. 신고구성기업 소재지국
다국적기업그룹 정보,O8,8,15,O8:R8,O8,label,6. 연례 자동정보 교환당사국 (해당되는 경우)
다국적기업그룹 정보,B9,9,2,B9:C9,B9,candidate,여
다국적기업그룹 정보,K9,9,11,K9:L9,K9,candidate,GIR401
다국적기업그룹 정보,M9,9,13,M9:N9,M9,candidate,KR
다국적기업그룹 정보,B11,11,2,B11:R11,B11,label,1.2 다국적기업그룹 일반정보
다국적기업그룹 정보,B12,12,2,B12:R12,B12,label,1.2.1 다국적기업그룹과 신고대상 사업연도
다국적기업그룹 정보,B13,13,2,B13:E13,B13,label,1. 다국적기업그룹 명칭
다국적기업그룹 정보,F13,13,6,F13:J13,F13,label,2. 신고대상 사업연도 개시일
다국적기업그룹 정보,K13,13,11,K13:N13,K13,label,3. 신고대상 사업연도 종료일
다국적기업그룹 정보,O13,13,15,O13:R13,O13,label,4. 수정신고서 여부
다국적기업그룹 정보,F14,14,6,F14:J14,F14,value,2024-01-01 오전 12:00:00
다국적기업그룹 정보,K14,14,11,K14:N14,K14,value,2024-12-31 오전 12:00:00
다국적기업그룹 정보,O14,14,15,O14:R14,O14,candidate,부
다국적기업그룹 정보,B15,15,2,B15:R15,B15,label,1.2.2 다국적기업그룹 일반 회계정보
다국적기업그룹 정보,B16,16,2,B16:G16,B16,label,1. 최종모기업 연결재무제표(유형)
다국적기업그룹 정보,H16,16,8,H16:L16,H16,label,2. 최종모기업 연결재무제표 회계기준
다국적기업그룹 정보,M16,16,13,M16:R16,M16,label,3. 최종모기업 연결재무제표 통화(ISO 코드)
다국적기업그룹 정보,B17,17,2,B17:G17,B17,candidate,GIR501
다국적기업그룹 정보,H17,17,8,H17:L17,H17,candidate,K-IFRS
다국적기업그룹 정보,M17,17,13,M17:R17,M17,candidate,KRW
최종모기업,B2,2,2,B2:R2,B2,label,1.3 기업구조
최종모기업,B3,3,2,B3:R3,B3,label,1.3.1 최종모기업
최종모기업,B4,4,2,B4:I4,B4,label,1. 최종모기업 소재지국
최종모기업,J4,4,10,J4:R4,J4,candidate,KR
최종모기업,B5,5,2,B5:I5,B5,label,2. 적용가능규칙
최종모기업,J5,5,10,J5:R5,J5,candidate,GIR201
최종모기업,B6,6,2,B6:I6,B6,label,3. 최종모기업 상호
최종모기업,J6,6,10,J6:R6,J6,value,0
최종모기업,B7,7,2,B7:I7,B7,label,4. 최종모기업 납세자번호
최종모기업,J7,7,10,J7:R7,J7,value,0
최종모기업,B8,8,2,B8:I8,B8,label,5. 신고 접수 국가에서 최종모기업에 부여한 납세자번호    (4의 납세자번호와 다른 납세자번호를 부여받은 경우)
최종모기업,B9,9,2,B9:I9,B9,label,6. 글로벌최저한세 목적상 기업유형
최종모기업,J9,9,10,J9:R9,J9,candidate,GIR301
최종모기업,B10,10,2,B10:I10,B10,label,7. 제외기업 유형(제외기업에 해당하는 경우)
최종모기업,B11,11,2,B11:I11,B11,label,8.「국제조세조정에 관한 법률 시행령」 제103조제4항 적용 국가에 해당되는 경우
그룹구조,B2,2,2,B2:R2,B2,label,1.3.2 그룹 기업(최종모기업 제외) 및 공동기업그룹 기업
그룹구조,B3,3,2,B3:R3,B3,label,1.3.2.1 구성기업 및 공동기업그룹 기업
그룹구조,B4,4,2,B4:C4,B4,label,변동사항
그룹구조,D4,4,4,D4:N4,D4,label,1. 직전 신고대상 사업연도 대비 변동 여부
그룹구조,O4,4,15,O4:R4,O4,candidate,부
그룹구조,B5,5,2,B5:C6,B5,label,소재지국
그룹구조,D5,5,4,D5:N5,D5,label,2. 소재지국
그룹구조,D6,6,4,D6:N6,D6,label,3. 적용가능규칙
그룹구조,B7,7,2,B7:C10,B7,label,"구성기업, 공동기업 또는 공동기업 자회사 정보"
그룹구조,D7,7,4,D7:N7,D7,label,"4. 구성기업, 공동기업 또는 공동기업 자회사의 상호"
그룹구조,D8,8,4,D8:N8,D8,label,5. 납세자번호
그룹구조,D9,9,4,D9:N9,D9,label,6. 신고 접수 국가의 납세자번호(있는 경우)
그룹구조,D10,10,4,D10:N10,D10,label,7. 글로벌최저한세 목적상 기업유형
그룹구조,B11,11,2,B11:C14,B11,label,"구성기업, 공동기업 및 공동기업 자회사의 소유지분구조"
그룹구조,D11,11,4,D11:N11,D11,label,"구성기업, 공동기업 또는 공동기업 자회사의 소유지분을 보유하고 있는 각 기업의 정보:"
그룹구조,D12,12,4,D12:N12,D12,label,8. 유형
그룹구조,D13,13,4,D13:N13,D13,label,9. 납세자번호(구성기업 또는 공동기업그룹 기업인 경우)
그룹구조,D14,14,4,D14:N14,D14,label,10. 소유지분(%)
그룹구조,B15,15,2,B15:C17,B15,label,구성기업이 부분소유모기업 또는 중간모기업인 경우 해당 구성기업에 적격소득산입규칙이 적용되는지 여부
그룹구조,D15,15,4,D15:N15,D15,label,11. 모기업 유형
그룹구조,D16,16,4,D16:N16,D16,label,12. 최종모기업 또는 다른 중간모기업에 소득산입규칙이 적용되는 경우 해당 최종모기업 또는 중간모기업의 납세자번호(「국제조세조정에 관한 법률」 제72조제3항 및 제4항)
그룹구조,D17,17,4,D17:N17,D17,label,13. 다른 부분소유모기업에 적격소득산입규칙이 적용되는 경우 해당 부분소유모기업의 납세자번호(「국제조세조정에 관한 법률」 제72조제6항)
그룹구조,B18,18,2,B18:C20,B18,label,해당 기업에 적격소득산입보완규칙이 적용되는지 여부
그룹구조,D18,18,4,D18:N18,D18,label,14. 해외진출 초기의 다국적기업그룹에 대한 특례가 적용되는지 여부(「국제조세조정에 관한 법률」 제82조)
그룹구조,O18,18,15,O18:R18,O18,candidate,부
그룹구조,D19,19,4,D19:N19,D19,label,15. 구성기업 또는 공동기업그룹 기업(다국적기업그룹의 구성기업으로 보는 공동기업 및 공동기업의 자회사를 의미합니다)과 관련하여 적격소득산입규칙이 적용되는 모기업이 보유하는 해당 구성기업의 소유지분(공동기업 및 공동기업의 자회사의 경우에는 추가세액배분액으로 합니다) 합계(%)
그룹구조,D20,20,4,D20:N20,D20,label,16. 최종모기업의 해당 구성기업(해당 공동기업그룹 기업) 소유지분(추가세액배분액)이 해당 구성기업(해당 공동기업그룹 기업)과 관련하여 적격소득산입규칙이 적용되는 모기업의 해당 구성기업(해당 공동기업그룹 기업) 소유지분 합계(추가세액배분액 합계)보다 큰지 여부
제외기업,B2,2,2,B2:R2,B2,label,1.3.2.2 제외기업
제외기업,B3,3,2,B3:N3,B3,label,1. 직전 신고대상 사업연도 대비 변동 여부
제외기업,O3,3,15,O3:R3,O3,candidate,부
제외기업,B4,4,2,B4:N4,B4,label,2. 제외기업 상호
제외기업,B5,5,2,B5:N5,B5,label,3. 제외기업 유형
그룹구조 변동,B2,2,2,B2:R2,B2,label,1.3.3 신고대상 사업연도 중 기업구조 변동
그룹구조 변동,B3,3,2,,,candidate,a.
그룹구조 변동,C3,3,3,C3:P3,C3,label,신고대상 사업연도 중 발생한 기업구조의 변동이 실효세율 계산이나 추가세액 계산 또는 배분에 영향을 미치지 않아 별도로 작성할 필요가 없는 경우인지 여부
그룹구조 변동,B5,5,2,B5:C5,B5,label,1. 구성기업 (또는 다국적       기업그룹의 다른 기업)       또는 공동기업그룹       기업의 상호
그룹구조 변동,D5,5,4,D5:E5,D5,label,2. 납세자번호
그룹구조 변동,F5,5,6,F5:G5,F5,label,3. 변동효력 발생일
그룹구조 변동,H5,5,8,H5:I5,H5,label,4. 변동 전 글로벌 최저한세목적상 기업 유형
그룹구조 변동,J5,5,10,J5:L5,J5,label,"6. 변동 전 또는 변동 후 해당 구성기업(또는,  다른 기업) 또는 공동기업 그룹 기업의 소유 지분을 보유하는 기업"
그룹구조 변동,M5,5,13,M5:O5,M5,label,7. 변동 전 해당 구성기업 (또는 다른 기업) 또는 공동기업그룹 기업의 소유 지분을 보유했던 기업의 소유지분(%)
그룹구조 변동,P5,5,16,P5:R5,P5,label,9. 주주기업 유형
요약,B2,2,2,B2:R2,B2,label,1.4 글로벌최저한세 정보 요약
요약,B3,3,2,,,label,1. 소재지국
요약,C3,3,3,C3:D3,C3,label,2. 하위그룹 유형 (있는 경우)
요약,E3,3,5,E3:F3,E3,label,3. 하위그룹 최상위 기업 납세자번호 (있는 경우)
요약,G3,3,7,G3:H3,G3,label,4. 글로벌최저한세 과세권이 있는 국가명
요약,I3,3,9,I3:J3,I3,label,5. 적용면제 또는  제외 사유 (항목선택)
요약,K3,3,11,K3:L3,K3,label,6. 실효세율 범위
요약,M3,3,13,M3:N3,M3,label,7. 실질기반제외소득  적용결과 추가세액  발생여부
요약,O3,3,15,O3:P3,O3,label,8. 추가세액 (적격  소재국추가세)  범위
요약,Q3,3,17,Q3:R3,Q3,label,9. 추가세액(글로벌 최저한세) 범위
적용면제,B2,2,2,B2:R2,B2,label,2. 국가별 적용면제 및 제외
적용면제,B3,3,2,B3:R3,B3,label,국가별 적용면제 및 제외 - 국가별 기재 신고구성기업은 글로벌최저한세 계산의 적용면제 및 제외가 적용되는 각 국가별로 제4쪽 및 제5쪽을 작성합니다.
적용면제,B4,4,2,B4:R4,B4,label,2.1 국가별 기본사항
적용면제,B5,5,2,B5:N5,B5,label,1. 소재지국(국가명)
적용면제,B6,6,2,B6:N6,B6,label,2. 하위그룹 유형(있는 경우)
적용면제,B7,7,2,B7:N7,B7,label,3. 하위그룹 최상위기업 납세자번호(있는 경우)
적용면제,B8,8,2,B8:N8,B8,label,4. 과세권이 있는 국가
적용면제,B9,9,2,B9:N9,B9,label,5. 보고내용에 차이가 존재하는지 여부
적용면제,B11,11,2,B11:R11,B11,label,2.2 해당 국가별 적용되는 적용면제 및 제외(추가세액=0)
적용면제,B12,12,2,B12:R12,B12,label,2.2.1 적용면제 국가 선택
적용면제,B13,13,2,B13:R13,B13,label,2.2.1.1 적용면제 선택
적용면제,B14,14,2,B14:N14,B14,label,1. 적용면제 유형 선택
적용면제,B15,15,2,B15:R15,B15,label,2.2.1.2 일반적 적용면제
적용면제,B16,16,2,B16:R16,B16,label,(a) 중요성이 낮은 구성기업에 대한 간소화 계산
적용면제,H17,17,8,H17:M17,H17,label,1. 해당 국가 내 중요성이 낮은 구성기업의 총수익금액 합계
적용면제,N17,17,14,N17:R17,N17,label,2. 해당 국가 내 중요성이 낮은 구성기업의 간이세액 합계
적용면제,B18,18,2,B18:G18,B18,label,a. 신고대상 사업연도
적용면제,B19,19,2,B19:G19,B19,label,b. 직전 사업연도(해당되는 경우)
적용면제,B20,20,2,B20:G20,B20,label,c. 직전전 사업연도(해당되는 경우)
적용면제,B21,21,2,B21:G21,B21,label,d. 3개 사업연도 평균(해당되는 경우)
적용면제,B23,23,2,B23:R23,B23,label,2.2.1.3 전환기 적용면제
적용면제,B24,24,2,B24:R24,B24,label,(a) 전환기 적용면제
적용면제,B25,25,2,B25:N25,B25,label,1. 총수익금액
적용면제,B26,26,2,B26:N26,B26,label,2. 세전손익금액
적용면제,B27,27,2,B27:N27,B27,label,3. 간이 대상조세 금액(「국제조세조정에 관한 법률 시행규칙」 제86조제5항 및 제7항)
적용면제,B29,29,2,B29:R29,B29,label,(b) 소득산입보완규칙 전환기 적용면제
적용면제,B30,30,2,B30:N30,B30,label,1. 법인세 명목세율
적용면제,B32,32,2,B32:R32,B32,label,2.2.2 최소적용제외 특례 선택
적용면제,B33,33,2,B33:R33,B33,label,■ 신고대상 사업연도에 대한 최소적용제외 특례 선택
적용면제,B34,34,2,B34:R34,B34,label,□ 중요성이 낮은 구성기업에 대한 간소화 계산을 하는 경우 - 중요성이 낮은 구성기업 외의 일반 구성기업에 대한 최소적용제외 특례 선택
적용면제,E35,35,5,E35:H35,E35,label,1. 회계상 매출액
적용면제,I35,35,9,I35:K35,I35,label,2. 글로벌최저한세 규칙상 매출액
적용면제,L35,35,12,L35:N35,L35,label,3. 회계상 순이익(순손실)
적용면제,O35,35,15,O35:R35,O35,label,4. 글로벌최저한세소득(또는 결손)
적용면제,B36,36,2,B36:D36,B36,label,a. 신고대상 사업연도
적용면제,B37,37,2,B37:D37,B37,label,b. 직전 사업연도(해당되는 경우)
적용면제,B38,38,2,B38:D38,B38,label,c. 직전전 사업연도(해당되는 경우)
적용면제,B39,39,2,B39:D39,B39,label,d. 3개 사업연도 평균
적용면제,B41,41,2,B41:R41,B41,label,2.3 해외진출 초기 다국적기업그룹에 대한 특례(해당되는 경우)
적용면제,B42,42,2,B42:L42,B42,label,1. 다국적기업그룹의 최초적용연도 개시일
적용면제,B43,43,2,B43:L43,B43,label,2. 준거국가
적용면제,B44,44,2,B44:L44,B44,label,3. 다국적기업그룹의 최초적용연도에 준거국가에 소재하는 유형자산의 순장부가액 합계
적용면제,B45,45,2,B45:L45,B45,label,4. 다국적기업그룹의 최초적용연도에 구성기업이 소재하는 국가 수
적용면제,B46,46,2,B46:L48,B46,label,5. 다국적기업그룹의 최초적용연도에 준거국가 외 국가에 소재하는 구성기업의 유형자산
적용면제,B49,49,2,B49:L49,B49,label,6. 신고대상 사업연도에 다국적기업그룹의 구성기업이 소재한 국가 수
적용면제,B50,50,2,B50:L50,B50,label,7. 신고대상 사업연도에 준거국가 외 국가에 소재하는 모든 구성기업의 유형자산 순장부가액 합계
UTPR 배분,B2,2,2,B2:R2,B2,label,3.4.3 소득산입보완규칙 추가세액 배분
UTPR 배분,B3,3,2,,,label,1.소득산입보완규칙 시행국가
UTPR 배분,C3,3,3,C3:D3,C3,label,2.소득산입보완규칙  추가세액배분액  전기이월액
UTPR 배분,E3,3,5,E3:F3,E3,label,3. 종업원 수
UTPR 배분,G3,3,7,G3:I3,G3,label,4.유형자산 순장부가액
UTPR 배분,J3,3,10,J3:K3,J3,label,5.소득산입보완규칙 배분비율
UTPR 배분,L3,3,12,L3:M3,L3,label,6.신고대상사업연도 소득산입보완규칙 추가세액배분액
UTPR 배분,N3,3,14,N3:P3,N3,label,7.소득산입보완규칙 시행국가의 구성 기업에서 발생한  추가 현금조세비용
UTPR 배분,Q3,3,17,Q3:R3,Q3,label,8.소득산입보완규칙 추가세액  차기이월액
UTPR 배분,C4,4,3,C4:D4,C4,value,0
UTPR 배분,C5,5,3,C5:D5,C5,value,0
UTPR 배분,B6,6,2,,,candidate,합계
UTPR 배분,C6,6,3,C6:D6,C6,value,0
Group 작성요령,B2,2,2,,,label,시트명
Group 작성요령,C2,2,3,,,label,항목번호
Group 작성요령,D2,2,4,,,label,항목명
Group 작성요령,E2,2,5,,,label,항목내용
Group 작성요령,F2,2,6,,,label,복수선택
Group 작성요령,B3,3,2,,,label,국가별 계산
Group 작성요령,C3,3,3,,,value,3.1.1
Group 작성요령,D3,3,4,,,label,국가명
Group 작성요령,E3,3,5,,,label,국가코드: ISO3166-alpha2
Group 작성요령,B4,4,2,,,label,국가별 계산
Group 작성요령,C4,4,3,,,value,3.1.2
Group 작성요령,D4,4,4,,,label,하위그룹 유형
Group 작성요령,E4,4,5,,,candidate,GIR1601: Constituent Entities GIR1602: Minority-Owned Subgroup GIR1603: Standalone MOCEs GIR1604: Investment Entities GIR1605: JV Group GIR1606: Stateless Constituent Entity GIR1607: Transitional CbCR Safe Harbour - Constituent Entities GIR1608: Transitional CbCR Safe Harbour - JV Group GIR1609: Transitional UTPR Safe Harbour
Group 작성요령,F4,4,6,,,label,가능(컴마로 구분)
Group 작성요령,B5,5,2,,,label,국가별 계산
Group 작성요령,C5,5,3,,,value,3.1.3
Group 작성요령,D5,5,4,,,label,하위그룹의 최상위기업 납세자번호
Group 작성요령,E5,5,5,,,label,"납세자번호, 납세자번호 유형, 발급국가를 컴마로 구분하여 기재    납세자번호 유형  GIR3001: Tax Identification Number  GIR3002: Functionally equivalent number  GIR3003: Agreed GIR designated number  GIR3004: Not required to be reported    발급국가 ISO3166-alpha2"
Group 작성요령,C6,6,3,,,label,3.1.4~3.1.18
Group 작성요령,D6,6,4,,,label,과세권이 있는 국가
Group 작성요령,E6,6,5,,,label,각 내용을 컴마로 연결하여 기재
Group 작성요령,B7,7,2,,,label,국가별 계산
Group 작성요령,C7,7,3,,,value,3.1.11
Group 작성요령,D7,7,4,,,label,국가별 선택
Group 작성요령,E7,7,5,,,label,ElectionsDifference와 KElectionsDifference를 세미콜론(;)으로 연결하여 작성합니다.
Group 작성요령,B8,8,2,,,label,추가세액 계산
Group 작성요령,C8,8,3,,,value,3.3.3.1
Group 작성요령,D8,8,4,,,label,관련 근거
Group 작성요령,E8,8,5,,,candidate,GIR2601: Article 3.2.6 GIR2602: Article 4.4.4 GIR2603: Article 4.6.1 GIR2604: Article 4.6.4 GIR2605: Article 7.3.5 GIR2606: Article 7.3.7
Group 작성요령,B9,9,2,,,label,추가세액 계산
Group 작성요령,C9,9,3,,,value,3.3.4.6
Group 작성요령,D9,9,4,,,candidate,통화
Group 작성요령,E9,9,5,,,label,ISO4217-alpha3 예시) KRW
국가별 계산,B2,2,2,B2:R2,B2,label,3. 글로벌최저한세 계산
국가별 계산,B3,3,2,B3:R3,B3,label,글로벌최저한세 계산 - 국가별 기재 신고구성기업은 글로벌최저한세 계산의 적용면제 및 제외가 적용되지 않는 각 국가별(또는 별도 계산이 필요한 하위그룹별)로 제6쪽부터 제25쪽까지를 작성합니다.
국가별 계산,B4,4,2,B4:R4,B4,label,3.1 국가별 글로벌최저한세 계산 기본사항
국가별 계산,B5,5,2,B5:N5,B5,label,1. 국가명
국가별 계산,B6,6,2,B6:N6,B6,label,2. 하위그룹 유형(있는 경우)
국가별 계산,B7,7,2,B7:N7,B7,label,3. 실효세율 및 추가세액 계산이 필요한 하위그룹의 최상위기업 납세자번호(있는 경우)
국가별 계산,B8,8,2,B8:N8,B8,label,4. 과세권이 있는 국가
국가별 계산,B9,9,2,B9:N9,B9,label,5. 실효세율
국가별 계산,B10,10,2,B10:N10,B10,label,6. 조정대상조세
국가별 계산,B11,11,2,B11:N11,B11,label,7. 순글로벌최저한세소득금액
국가별 계산,B12,12,2,B12:N12,B12,label,8. 실질기반제외소득금액
국가별 계산,B13,13,2,B13:N13,B13,label,9. 당기추가세액가산액
국가별 계산,B14,14,2,B14:N14,B14,label,10. 과세권 국가에 납부하는 추가세액
국가별 계산,B15,15,2,B15:N15,B15,label,11. 국가별 선택
국가별 계산,B16,16,2,B16:N16,B16,label,12.「국제조세조정에 관한 법률 시행령」 제111조에 따른 배분 후 당기법인세비용 합계
국가별 계산,B17,17,2,B17:N17,B17,label,13. 적격환급가능세액공제 또는 적격양도가능세액공제(법인세비용)
국가별 계산,B18,18,2,B18:N18,B18,label,14. 기타 세액공제(법인세비용)
국가별 계산,B19,19,2,B19:N19,B19,label,15. 이연법인세비용
국가별 계산,B20,20,2,B20:N20,B20,label,16. 적격환급가능세액공제 또는 적격양도가능세액공제(소득)
국가별 계산,B21,21,2,B21:N21,B21,label,17. 이월조정대상조세
국가별 계산,B22,22,2,B22:N22,B22,label,18. 최초적용연도에 대한 특례
국가별 계산,B24,24,2,B24:R24,B24,label,3.2 실효세율 계산
국가별 계산,B25,25,2,B25:R25,B25,label,3.2.1 실효세율
국가별 계산,B26,26,2,B26:D26,B26,label,a. 회계상 순이익(또는 순손실)
국가별 계산,E26,26,5,E26:H26,E26,label,b. 순글로벌최저한세소득
국가별 계산,I26,26,9,I26:K26,I26,label,c. 법인세비용
국가별 계산,L26,26,12,L26:N26,L26,label,d. 조정대상조세
국가별 계산,O26,26,15,O26:R26,O26,label,e. 실효세율
국가별 계산,E27,27,5,E27:H27,E27,value,0
국가별 계산,L27,27,12,L27:N27,L27,value,0
국가별 계산,O27,27,15,O27:R27,O27,candidate,#DIV/0!
국가별 계산,B29,29,2,B29:R29,B29,label,3.2.1.1 글로벌최저한세소득ㆍ결손 계산
국가별 계산,B30,30,2,B30:N30,B30,label,1.「국제조세조정에 관한 법률」 제66조제4항부터 제7항까지의 규정에 따른 배분 후 회계상 순손익 합계(국가별 소재한 모든 구성기업)
국가별 계산,B31,31,2,B31:N31,B31,label,2. 조정사항
국가별 계산,O31,31,15,O31:R31,O31,label,순 조정금액
국가별 계산,B32,32,2,B32:N32,B32,label,(a) 순조세비용의 가산(「국제조세조정에 관한 법률 시행규칙」 별표 1 제1호)
국가별 계산,B33,33,2,B33:N33,B33,label,(b) 배당수익의 차감(「국제조세조정에 관한 법률 시행규칙」 별표 1 제2호)
국가별 계산,B34,34,2,B34:N34,B34,label,(c) 지분손익의 조정(「국제조세조정에 관한 법률 시행규칙」 별표 1 제4호)
국가별 계산,B35,35,2,B35:N35,B35,label,(d) 재평가손익의 조정(「국제조세조정에 관한 법률 시행규칙」 별표 1 제5호)
국가별 계산,B36,36,2,B36:N36,B36,label,(e) 글로벌최저한세조직재편에 대한 특례(「국제조세조정에 관한 법률」 제76조 및 「국세조세조정에 관한 법률 시행령」 제129조)
국가별 계산,B37,37,2,B37:N37,B37,label,(f) 비대칭외환손익의 조정(「국제조세조정에 관한 법률 시행규칙」 별표 1 제6호)
국가별 계산,B38,38,2,B38:N38,B38,label,(g) 정책적 부인비용의 가산(「국제조세조정에 관한 법률 시행규칙」 별표 1 제3호)
국가별 계산,B39,39,2,B39:N39,B39,label,(h) 전기 오류수정에 따른 조정(「국제조세조정에 관한 법률 시행규칙」 별표 1 제14호)
국가별 계산,B40,40,2,B40:N40,B40,label,(i) 회계정책 변경에 따른 조정(「국제조세조정에 관한 법률 시행규칙」 별표 1 제14호)
국가별 계산,B41,41,2,B41:N41,B41,label,(j) 연금손익의 조정(「국제조세조정에 관한 법률 시행규칙」 별표 1 제7호)
국가별 계산,B42,42,2,B42:N42,B42,label,(k) 채무면제이익의 조정(「국제조세조정에 관한 법률 시행규칙」 별표 1 제11호)
국가별 계산,B43,43,2,B43:N43,B43,label,(l) 주식기준보상비용의 조정(「국제조세조정에 관한 법률 시행규칙」 별표 1 제8호)
국가별 계산,B44,44,2,B44:N44,B44,label,(m) 정상가격 및 동일가격 원칙의 적용에 따른 조정(「국제조세조정에 관한 법률 시행규칙」 별표 1 제17호)
국가별 계산,B45,45,2,B45:N45,B45,label,(n) 적격환급가능세액공제 또는 적격양도가능세액공제 금액의 조정(「국제조세조정에 관한 법률 시행규칙」 별표 1 제12호 및 제13호)
국가별 계산,B46,46,2,B46:N46,B46,label,(o) 실현주의의 적용에 따른 조정(「국제조세조정에 관한 법률 시행규칙」 별표 1 제16호)
국가별 계산,B47,47,2,B47:N47,B47,label,(p) 총자산처분이익의 조정(「국제조세조정에 관한 법률 시행규칙」 별표 1 제10호)
국가별 계산,B48,48,2,B48:N48,B48,label,(q) 그룹내부금융약정비용의 조정(「국제조세조정에 관한 법률 시행규칙」 별표 1 제9호)
국가별 계산,B49,49,2,B49:N49,B49,label,(r) 구성기업 간 연결회계조정 결과의 반영에 따른 조정(「국제조세조정에 관한 법률 시행규칙」 별표 1 제15호)
국가별 계산,B50,50,2,B50:N50,B50,label,(s) 보험계약자 관련 손익의 조정(「국제조세조정에 관한 법률 시행규칙」 별표 1 제18호)
국가별 계산,B51,51,2,B51:N51,B51,label,(t) 그 밖의 기본자본 등에 대한 배당에 따른 조정(「국제조세조정에 관한 법률 시행규칙」 별표 1 제19호)
국가별 계산,B52,52,2,B52:N52,B52,label,(u) 조직재편시 구성기업의 처리(「국제조세조정에 관한 법률 시행령」 제128조)
국가별 계산,B53,53,2,B53:N53,B53,label,(v) 투과기업인 최종모기업에 대한 특례(「국제조세조정에 관한 법률」 제77조의2제2항 및 「국제조세조정에 관한 법률 시행령」 제133조)
국가별 계산,B54,54,2,B54:N54,B54,label,(w) 배당공제제도를 적용받는 최종모기업에 대한 특례(「국제조세조정에 관한 법률」 제77조의2제1항 및 「국제조세조정에 관한 법률 시행령」 제132조)
국가별 계산,B55,55,2,B55:N55,B55,label,(x) 과세분배방법 적용 선택에 따른 조정(「국제조세조정에 관한 법률」 제79조제6항 및 「국제조세조정에 관한 법률 시행령」 제137조)
국가별 계산,B56,56,2,B56:N56,B56,label,(y) 국제해운소득ㆍ결손(「국제조세조정에 관한 법률」 제66조제3항 및 「국제조세조정에 관한 법률 시행령」 제106조)
국가별 계산,B57,57,2,B57:N57,B57,label,(z) 구성기업 간 자산거래(「국제조세조정에 관한 법률 시행규칙」 제89조제4항 및 제6항)
국가별 계산,B58,58,2,B58:N58,B58,label,3. 해당 국가의 순글로벌최저한세소득
국가별 계산,O58,58,15,O58:R58,O58,value,0
국가별 계산,B60,60,2,B60:R60,B60,label,3.2.1.2 조정대상조세 계산
국가별 계산,B61,61,2,B61:R61,B61,label,(a) 조정대상조세 합계
국가별 계산,B62,62,2,B62:N62,B62,label,1. 「국제조세조정에 관한 법률 시행령」 제111조에 따른 배분 후 당기법인세비용 합계
국가별 계산,B63,63,2,B63:N63,B63,label,2. 조정사항
국가별 계산,O63,63,15,O63:R63,O63,label,순 조정금액
국가별 계산,B64,64,2,B64:N64,B64,label,(a) 회계상 세전이익 계산에서 비용으로 계상된 대상조세(「국제조세조정에 관한 법률 시행령」 제110조제1호가목)
국가별 계산,B65,65,2,B65:N65,B65,label,(b) 결손취급특례 선택에 따른 결손취급특례이연법인세 자산의 설정 또는 사용      (「국제조세조정에 관한 법률」 제67조제4항 및 같은 법 시행령 제113조의3)
국가별 계산,B66,66,2,B66:N66,B66,label,(c) 이전 사업연도에 대상조세 차감으로 처리되었던 불확실한 세무처리 항목 관련 대상조세의 당기 납부      (「국제조세조정에 관한 법률 시행령」 제110조제1호나목)
국가별 계산,B67,67,2,B67:N67,B67,label,(d) 당기법인세비용에서 차감된 적격환급가능세액공제 또는 적격양도가능세액공제(「국제조세조정에 관한 법률 시행령」 제110조제1호다목)
국가별 계산,B68,68,2,B68:N68,B68,label,"(e) 적격 소유지분에 의한 적격투과조세혜택(「국제조세조정에 관한 법률 시행규칙」 별표 1 제4호사목, 아목, 자목 및 차목)"
국가별 계산,B69,69,2,B69:N69,B69,label,(f) 글로벌최저한세소득ㆍ결손 계산에서 제외되는 소득에 대한 당기법인세비용(「국제조세조정에 관한 법률 시행령」 제110조제2호가목)
국가별 계산,B70,70,2,B70:N70,B70,label,"(g) 당기법인세비용의 감액으로 처리되지 않은 비적격환급가능세액공제, 비적격양도가능세액공제 또는 그 밖의 세액공제      (「국제조세조정에 관한 법률 시행령」 제110조제2호나목 및 다목)"
국가별 계산,B71,71,2,B71:N71,B71,label,(h) 적격환급가능세액공제 및 적격양도가능세액공제를 제외한 대상조세 환급 및 세액공제로서 당기법인세비용 감액으로 처리되지 않은 금액      (「국제조세조정에 관한 법률 시행령」 제110조제2호라목)
국가별 계산,B72,72,2,B72:N72,B72,label,(i) 불확실한 세무처리 항목 관련 당기법인세비용(「국제조세조정에 관한 법률 시행령」 제110조제2호마목)
국가별 계산,B73,73,2,B73:N73,B73,label,(j) 사업연도 종료일부터 3년 이내에 납부되지 않을 것으로 예상되는 당기법인세비용(「국제조세조정에 관한 법률 시행령」 제110조제2호바목)
국가별 계산,B74,74,2,B74:N74,B74,label,(k) 신고 후 조정(「국제조세조정에 관한 법률」 제68조제1항 및 제2항)
국가별 계산,B75,75,2,B75:N75,B75,label,(l) 총자산처분이익 조정 선택을 한 경우의 자산처분순손익 관련 대상조세(「국제조세조정에 관한 법률 시행규칙」 별표 1 제10호)
국가별 계산,B76,76,2,B76:N76,B76,label,(m) 투과기업인 최종모기업의 대상조세 감액(「국제조세조정에 관한 법률 시행령」 제133조제3항 및 제4항)
국가별 계산,B77,77,2,B77:N77,B77,label,(n) 배당공제제도 적용 최종모기업의 차감된 글로벌최저한세소득금액 관련 대상조세(「국제조세조정에 관한 법률 시행령」 제132조)
국가별 계산,B78,78,2,B78:N78,B78,label,(o) 간주분배세액(「국제조세조정에 관한 법률 시행령」 제134조제7항)
국가별 계산,B79,79,2,B79:N79,B79,label,(p) 과세분배방법 적용 선택(「국제조세조정에 관한 법률 시행령」 제137조)
국가별 계산,B80,80,2,B80:N80,B80,label,"(q) 총이연법인세조정금액(「국제조세조정에 관한 법률」 제67조제2항, 제3항 및 제7항)"
국가별 계산,O80,80,15,O80:R80,O80,value,0
국가별 계산,B81,81,2,B81:N81,B81,label,(r) 글로벌최저한세소득ㆍ결손 계산에 포함되고 과세대상인 손익과 관련된 대상조세 증감액에 대응되는 것으로서 회계상 자본 또는      그 밖의 포괄손익에 계상된 것(「국제조세조정에 관한 법률 시행령」 제110조제3호나목)
국가별 계산,B82,82,2,B82:N82,B82,label,(s) 이월조정대상조세 발생(「국제조세조정에 관한 법률 시행령」 제116조의2 및 제119조제3항)
국가별 계산,B83,83,2,B83:N83,B83,label,(t) 이월조정대상조세 금액에 의한 조정대상조세 차감(‘0’을 한도로 한다)(「국제조세조정에 관한 법률 시행령」 제116조의2 및 119조제3항)
국가별 계산,B84,84,2,B84:N84,B84,label,3. 조정대상조세
국가별 계산,O84,84,15,O84:R84,O84,value,0
국가별 계산,B86,86,2,B86:R86,B86,label,(b) 이월조정대상조세
국가별 계산,B87,87,2,B87:N87,B87,label,1. 이전 사업연도에서 이월된 잔액
국가별 계산,B88,88,2,B88:N88,B88,label,2. 신고대상 사업연도 이월조정대상조세 발생액
국가별 계산,B89,89,2,B89:N89,B89,label,3. 신고대상 사업연도 이월조정대상조세 사용액
국가별 계산,B90,90,2,B90:N90,B90,label,4. 다음 사업연도로 이월되는 이월조정대상조세 잔액
국가별 계산,O90,90,15,O90:R90,O90,value,0
국가별 계산,B92,92,2,B92:R92,B92,label,(c) 통합형피지배외국법인과세제도 관련 계산(해당되는 경우)
국가별 계산,B93,93,2,B93:D93,B93,label,1. 피지배외국법인소재지국
국가별 계산,E93,93,5,E93:I93,E93,label,2. 하위그룹
국가별 계산,J93,93,10,J93:R93,J93,label,3. 통합형피지배외국법인과세제도에 따른 대상조세로서 해당 하위그룹에 배분된 금액 합계
국가별 계산,B96,96,2,B96:I96,B96,candidate,합계
국가별 계산,B98,98,2,B98:R98,B98,label,3.2.2 국가별 이연법인세회계 관련 계산
국가별 계산,B99,99,2,B99:R99,B99,label,3.2.2.1 이연법인세 조정
국가별 계산,B100,100,2,B100:R100,B100,label,(a) 요약표
국가별 계산,B101,101,2,B101:D104,B101,label,1. 재계산과 조정 전 글로벌최저한세 기준상 이연법인세비용(「국제조세조정에 관한 법률 시행령」 제112조제1항제1호)
국가별 계산,E101,101,5,E101:N101,E101,label,a. 회계 계정상 기록된 이연법인세비용
국가별 계산,E102,102,5,E102:N102,E102,label,b. 글로벌최저한세 기준으로 계산된 장부가액이 회계상 장부금액과 다른 자산 또는 부채와 관련된 이연법인세비용
국가별 계산,E103,103,5,E103:N103,E103,label,c. 글로벌최저한세 기준으로 계산된 자산 또는 부채의 장부가액에 기초한 이연법인세비용
국가별 계산,E104,104,5,E104:N104,E104,label,d. 재계산과 조정 전 글로벌최저한세 기준으로 계산된 이연법인세비용
국가별 계산,O104,104,15,O104:R104,O104,value,0
국가별 계산,B105,105,2,B105:N105,B105,label,2. 총조정금액
국가별 계산,O105,105,15,O105:R105,O105,value,0
국가별 계산,B106,106,2,B106:D108,B106,label,3. 이연법인세비용을 최저한세율로 재계산
국가별 계산,E106,106,5,E106:N106,E106,label,e. 재계산 전 글로벌최저한세 기준으로 계산된 이연법인세비용
국가별 계산,O106,106,15,O106:R106,O106,value,0
국가별 계산,E107,107,5,E107:N107,E107,label,f. 최저한세율보다 낮은 세율로 계산된 이연법인세비용과 최저한세율로 재계산된 이연법인세비용 차이
국가별 계산,E108,108,5,E108:N108,E108,label,g. 최저한세율보다 높은 세율로 계산된 이연법인세비용과 최저한세율로 재계산된 이연법인세비용 차이
국가별 계산,B109,109,2,B109:N109,B109,label,4. 총이연법인세조정금액
국가별 계산,O109,109,15,O109:R109,O109,value,0
국가별 계산,B111,111,2,B111:R111,B111,label,(b) 조정내역
국가별 계산,B112,112,2,B112:N112,B112,label,1. 이연법인세비용의 조정
국가별 계산,O112,112,15,O112:R112,O112,label,순 조정금액
국가별 계산,B113,113,2,B113:N113,B113,label,(a) 글로벌최저한세소득ㆍ결손 계산에서 제외되는 손익 항목 관련 이연법인세비용(「국제조세조정에 관한 법률 시행령」 제112조제1항제1호의2가목)
국가별 계산,B114,114,2,B114:N114,B114,label,(b) 불확실한 세무처리항목에 따른 이연법인세비용 등(「국제조세조정에 관한 법률 시행령」 제112조제1항제1호의2다목 및 같은 법 시행규칙 제71조제5항)
국가별 계산,B115,115,2,B115:N115,B115,label,(c) 미반영 선택 사항 관련 이연법인세비용[「국제조세조정에 관한 법률 시행령」 제112조제1항제1호의2나목4)]
국가별 계산,B116,116,2,B116:N116,B116,label,(d) 이연법인세자산에 대한 평가 조정 또는 인식 조정[「국제조세조정에 관한 법률 시행령」 제112조제1항제1호의2나목1)]
국가별 계산,B117,117,2,B117:N117,B117,label,(e) 법인세 세율 변동에 따른 재계산 관련 이연법인세비용[「국제조세조정에 관한 법률 시행령」 제112조제1항제1호의2나목2)]
국가별 계산,B118,118,2,B118:N118,B118,label,(f) 이월 세액공제의 발생 또는 사용 관련 이연법인세비용[「국제조세조정에 관한 법률 시행령」 제112조제1항제1호의2나목3)]
국가별 계산,B119,119,2,B119:N119,B119,label,(g) 국내원천결손 관련 대체이월결손금 이연법인세자산(「국제조세조정에 관한 법률 시행규칙」 제71조제1항부터 제3항까지)
국가별 계산,B120,120,2,B120:N120,B120,label,(h) 이전 사업연도의 이연법인세 미반영 선택 사항에 대한 법인세로서 신고대상 사업연도에 환원된 금액(「국제조세조정에 관한 법률 시행령」 제112조제1항제2호가목)
국가별 계산,B121,121,2,B121:N121,B121,label,(i) 이전 사업연도에 발생한 이연법인세부채환입액으로서 신고대상 사업연도에 환원된 금액(「국제조세조정에 관한 법률 시행령」 제112조제1항제2호나목)
국가별 계산,B122,122,2,B122:N122,B122,label,(j) 회계상 인식 기준 미충족으로 계상되지 않은 신고대상 사업연도의 결손금에 대한 이연법인세자산의 인식(「국제조세조정에 관한 법률 시행령」 제112조제1항제3호)
국가별 계산,B123,123,2,B123:N123,B123,label,(k) 세율 인하에 따른 이연법인세비용 조정(「국제조세조정에 관한 법률 시행령」 제116조제1호)
국가별 계산,B124,124,2,B124:N124,B124,label,(l) 세율 인상에 따른 이연법인세비용 조정(「국제조세조정에 관한 법률 시행령」 제116조제2호)
국가별 계산,B125,125,2,B125:N125,B125,label,(m) 조직재편시 다국적기업그룹의 구성기업으로 포함되거나 제외되는 경우(「국제조세조정에 관한 법률 시행규칙」 제80조)
국가별 계산,B126,126,2,B126:N126,B126,label,(n) 투과기업인 최종모기업의 이연법인세비용(「국제조세조정에 관한 법률 시행령」 제133조)
국가별 계산,B127,127,2,B127:N127,B127,label,(o) 배당공제제도 적용 최종모기업의 이연법인세비용(「국제조세조정에 관한 법률 시행령」 제132조)
국가별 계산,B128,128,2,B128:N128,B128,label,(p) 구성기업 간 자산거래에 따른 이연법인세 조정(「국제조세조정에 관한 법률 시행규칙」 제89조제4항)
국가별 계산,B129,129,2,B129:N129,B129,label,2. 조정금액합계
국가별 계산,O129,129,15,O129:R129,O129,value,0
국가별 계산,B131,131,2,B131:R131,B131,label,(c) 결손금 소급공제
국가별 계산,B132,132,2,B132:E132,B132,label,사업연도(일자)
국가별 계산,F132,132,6,F132:L132,F132,label,1. 결손금 소급공제로 인한 간주 이연법인세자산 금액
국가별 계산,M132,132,13,M132:R132,M132,label,2. 결손금 소급공제와 관련된 대상조세 환급액
국가별 계산,B137,137,2,B137:E137,B137,candidate,합계
국가별 계산,B139,139,2,B139:R139,B139,label,3.2.2.2 환입금액 계산
국가별 계산,B140,140,2,B140:R140,B140,label,(a) 이연법인세부채 환입 적용대상인 연간 이연법인세부채 금액
국가별 계산,B141,141,2,B141:N141,B141,label,1. 신고대상 사업연도 개시 전 다섯 번째 사업연도의 환입 적용대상 이연법인세부채 금액
국가별 계산,B142,142,2,B142:N142,B142,label,2. 신고대상 사업연도 개시 전 다섯 번째 사업연도의 이연법인세부채 금액으로서 신고대상 사업연도에 환입되는 금액
국가별 계산,B143,143,2,B143:N143,B143,label,3. 신고대상 사업연도의 환입 적용대상 이연법인세부채 금액
국가별 계산,B144,144,2,B144:R144,B144,label,(b) 총 이연법인세부채 환입 계정
국가별 계산,B145,145,2,B145:I145,B145,label,구 분
국가별 계산,J145,145,10,J145:M145,J145,label,신고대상 사업연도
국가별 계산,N145,145,14,N145:R145,N145,label,직전 사업연도
국가별 계산,B146,146,2,B146:I146,B146,label,a. 「국제조세조정에 관한 법률 시행령」 제113조의2 및 같은 법 시행규칙 제74조의2제5항    제3호에 따른 최초적용연도 개시 전 발생한 이연법인세부채로서 환원되지 않고 남아    있는 것으로 보는 금액
국가별 계산,B147,147,2,B147:I147,B147,label,b. 「국제조세조정에 관한 법률 시행령」 제113조의2제1항에 따른 해당 사업연도 종료일 현재    이연법인세부채 금액
국가별 계산,B148,148,2,B148:I148,B148,label,c. 「국제조세조정에 관한 법률 시행령」 제113조의2제1항에 따른 비적격잔액 금액
국가별 계산,B150,150,2,B150:R150,B150,label,3.2.2.3 최초적용연도에 대한 특례
국가별 계산,B151,151,2,B151:R151,B151,label,1. 최초적용연도
국가별 계산,B152,152,2,B152:R152,B152,label,(a)「국제조세조정에 관한 법률」 제81조 및 같은 법 시행령 제139조 적용
국가별 계산,B153,153,2,B153:R153,B153,label,이 연 법 인 세 부 채
국가별 계산,B154,154,2,B154:J154,B154,label,1. 최초적용연도 개시일의 이연법인세부채
국가별 계산,K154,154,11,K154:R154,K154,label,2. 최저한세율로 재계산한 이연법인세부채(해당되는 경우)
국가별 계산,B157,157,2,B157:R157,B157,label,이 연 법 인 세 자 산
국가별 계산,B158,158,2,B158:E158,B158,label,3. 최초적용연도 개시일의  이연법인세자산
국가별 계산,F158,158,6,F158:J158,F158,label,4. 최저한세율로 재계산한 이연법인세자산 (해당되는 경우)
국가별 계산,K158,158,11,K158:N158,K158,label,5.「국제조세조정에 관한 법률 시행규칙」 제89조에  따라 제외되는 이연법인세자산
국가별 계산,O158,158,15,O158:R158,O158,label,6. 글로벌최저한세 목적상 산입되는  이연법인세자산
국가별 계산,B161,161,2,B161:R161,B161,label,(b) 「국제조세조정에 관한 법률 시행규칙」 제89조의 적용
국가별 계산,B162,162,2,B162:C162,B162,label,1. 처분기업 소재지국
국가별 계산,D162,162,4,D162:G162,D162,label,2. 해당 자산거래 관련 납부세액
국가별 계산,H162,162,8,H162:J162,H162,label,3. 해당 자산 처분구성기업의 회계상 반영된 순이연법인세자산(또는 부채)
국가별 계산,K162,162,11,K162:M162,K162,label,4. 글로벌최저한세 목적상 해당 이전된 자산의 장부가액
국가별 계산,N162,162,14,N162:R162,N162,label,5. 글로벌최저한세 목적상 취득구성기업의 해당 자산 관련 순이연법인세자산(또는 부채)
국가별 계산,B170,170,2,B170:R170,B170,label,3.2.3 국가별 선택(해당되는 경우)
국가별 계산,B171,171,2,B171:R171,B171,label,3.2.3.1 국가별 선택(「국제조세조정에 관한 법률」 제78조에 따른 적격분배과세제도 특례 외)
국가별 계산,B172,172,2,B172:R172,B172,label,(a) 선택 내역
국가별 계산,B173,173,2,B173:L173,B173,label,1. 매년 선택
국가별 계산,B174,174,2,B174:L174,B174,label,a. 총자산처분이익 조정 선택(「국제조세조정에 관한 법률 시행규칙」 별표 1 제10호)
국가별 계산,B175,175,2,B175:L175,B175,label,b. 대상조세의 경미한 감액에 대한 경정사업연도 반영 선택(「국제조세조정에 관한 법률」 제68조제2항)
국가별 계산,B176,176,2,B176:L176,B176,label,c. 실질기반제외소득 미적용 선택(「국제조세조정에 관한 법률 시행규칙」 제75조제14항)
국가별 계산,B177,177,2,B177:L177,B177,label,d. 이월조정대상조세 처리 선택(「국제조세조정에 관한 법률 시행령」 제119조제3항)
국가별 계산,B179,179,2,B179:L179,B179,label,2. 5년 선택
국가별 계산,M179,179,13,M179:O179,M179,label,3. 선택 사업연도
국가별 계산,P179,179,16,P179:R179,P179,label,4. 취소 사업연도
국가별 계산,B180,180,2,B180:L180,B180,label,e. 지분투자손익포함 선택(「국제조세조정에 관한 법률 시행규칙」 별표 1 제4호라목)
국가별 계산,B181,181,2,B181:L181,B181,label,f. 주식기준보상비용 세무조정 선택(「국제조세조정에 관한 법률 시행규칙」 별표 1 제8호)
국가별 계산,B182,182,2,B182:L182,B182,label,g. 실현주의 적용 선택(「국제조세조정에 관한 법률 시행규칙」 별표 1 제16호)
국가별 계산,B183,183,2,B183:L183,B183,label,h. 구성기업 간 연결회계조정 결과의 반영에 따른 조정 선택(「국제조세조정에 관한 법률 시행규칙」 별표 1 제15호)
국가별 계산,B184,184,2,B184:L184,B184,label,i. 국가간 이연법인세비용 미배분 적용 선택(「국제조세조정에 관한 법률 시행령」 제111조제3항 및 제4항)
국가별 계산,B186,186,2,B186:L186,B186,label,5. 그 밖의 선택
국가별 계산,M186,186,13,M186:O186,M186,label,6. 선택 사업연도
국가별 계산,P186,186,16,P186:R186,P186,label,7. 취소 사업연도
국가별 계산,B187,187,2,B187:L187,B187,label,j. 결손취급특례 선택(「국제조세조정에 관한 법률」 제67조제4항 및 같은 법 시행령 제113조의3)
국가별 계산,B189,189,2,B189:R189,B189,label,(b) 국가별 선택과 관련된 필요정보
국가별 계산,B190,190,2,B190:N190,B190,label,1. 지분투자손익포함선택에 따른 지분손익 산입
국가별 계산,B191,191,2,B191:N191,B191,label,2. 적격소유지분에 대한 투자가액의 이전 사업연도 잔액
국가별 계산,B192,192,2,B192:N192,B192,label,3. 적격소유지분에 대한 투자가액의 증액
국가별 계산,B193,193,2,B193:N193,B193,label,4. 적격소유지분에 대한 투자가액의 감액
국가별 계산,B194,194,2,B194:N194,B194,label,5. 적격소유지분에 대한 투자가액 잔액
국가별 계산,O194,194,15,O194:R194,O194,value,0
국가별 계산,B196,196,2,B196:R196,B196,label,3.2.3.2 「국제조세조정에 관한 법률」 제78조에 따른 선택
국가별 계산,B197,197,2,B197:N197,B197,label,1. 간주분배세액 선택(「국제조세조정에 관한 법률」 제78조제1항)
국가별 계산,O197,197,15,O197:R197,O197,candidate,□
국가별 계산,B199,199,2,B199:R199,B199,label,"(a) 같은 법 시행령 제134조제2항, 같은 조 제4항부터 제8항까지 및 같은 법 시행규칙 제83조제1항에 따른 간주분배세액환입계정의 운용 방법 등"
국가별 계산,B200,200,2,B200:B201,B200,label,1. 사업연도
국가별 계산,C200,200,3,C200:E201,C200,label,2. 간주분배세액결정  (「국제조세조정에 관한 법률 시행령」 제134조제2항)
국가별 계산,F200,200,6,F200:O200,F200,label,3. 간주분배세액 환입계정
국가별 계산,P200,200,16,P200:R201,P200,label,4. 간주분배세액 환입계정 잔액
국가별 계산,F201,201,6,F201:H201,F201,label,직전 3년차 사업연도
국가별 계산,I201,201,9,I201:J201,I201,label,직전 전 사업연도
국가별 계산,K201,201,11,K201:L201,K201,label,직전 사업연도
국가별 계산,M201,201,13,M201:O201,M201,label,신고대상 사업연도
국가별 계산,B202,202,2,,,label,직전 4년차
국가별 계산,B203,203,2,,,label,직전 3년차
국가별 계산,F203,203,6,F203:H203,F203,label,해당없음
국가별 계산,B204,204,2,,,label,직전 2년차
국가별 계산,F204,204,6,F204:H204,F204,label,해당없음
국가별 계산,I204,204,9,I204:J204,I204,label,해당없음
국가별 계산,B205,205,2,,,label,직전연도
국가별 계산,F205,205,6,F205:H205,F205,label,해당없음
국가별 계산,I205,205,9,I205:J205,I205,label,해당없음
국가별 계산,K205,205,11,K205:L205,K205,label,해당없음
국가별 계산,B206,206,2,,,label,신고대상 사업연도
국가별 계산,F206,206,6,F206:H206,F206,label,해당없음
국가별 계산,I206,206,9,I206:J206,I206,label,해당없음
국가별 계산,K206,206,11,K206:L206,K206,label,해당없음
국가별 계산,M206,206,13,M206:O206,M206,label,해당없음
국가별 계산,P206,206,16,P206:R206,P206,label,해당없음
국가별 계산,B208,208,2,B208:R208,B208,label,(b) 간주분배세액 선택 구성기업의 이탈 등에 대한 「국제조세조정에 관한 법률 시행규칙」 제83조제2항부터 제4항까지의 적용
국가별 계산,B209,209,2,B209:F209,B209,label,1. 이전 사업연도 조정대상조세 감액
국가별 계산,G209,209,7,G209:L209,G209,label,2. 추가세액 재계산에 따른 추가세액 증가액
국가별 계산,M209,209,13,M209:R209,M209,label,3. 처분환입비율
국가별 계산,B212,212,2,B212:R212,B212,label,3.2.4.4 국제해운소득ㆍ결손 제외
국가별 계산,B213,213,2,B213:R213,B213,label,(b) 적격국제해운부수소득ㆍ결손에 대한 국가별 한도
국가별 계산,B214,214,2,B214:M214,B214,label,1. 모든 구성기업 또는 공동기업그룹 기업의 국제해운소득ㆍ결손 합계
국가별 계산,B215,215,2,B215:M215,B215,label,2. 50% 한도
국가별 계산,N215,215,14,N215:R215,N215,value,0
국가별 계산,B216,216,2,B216:M216,B216,label,3. 모든 구성기업 또는 공동기업그룹 기업의 적격국제해운부수소득ㆍ결손 합계
국가별 계산,B217,217,2,B217:M217,B217,label,4. B가 A의 50%를 넘는 경우의 한도 초과액
국가별 계산,N217,217,14,N217:R217,N217,value,0
국가별 계산,B219,219,2,B219:R219,B219,label,3.3 추가세액 계산
국가별 계산,B220,220,2,B220:R220,B220,label,3.3.1 추가세액
국가별 계산,B221,221,2,,,label,a. 추가세액비율
국가별 계산,C221,221,3,C221:E221,C221,label,b. 실질기반제외소득
국가별 계산,F221,221,6,F221:H221,F221,label,c. 초과이익
국가별 계산,I221,221,9,I221:K221,I221,label,d. 당기추가세액가산액
국가별 계산,L221,221,12,L221:O221,L221,label,e. 적격소재국추가세액
국가별 계산,P221,221,16,P221:R221,P221,label,f. 추가세액
국가별 계산,C222,222,3,C222:E222,C222,value,0
국가별 계산,I222,222,9,I222:K222,I222,value,0
국가별 계산,L222,222,12,L222:O222,L222,value,0
국가별 계산,B224,224,2,B224:R224,B224,label,3.3.2 실질기반제외소득의 계산(해당되는 경우)
국가별 계산,B225,225,2,B225:R225,B225,label,3.3.2.1 실질기반제외소득 합계
국가별 계산,B226,226,2,B226:G226,B226,label,인건비 제외금액
국가별 계산,H226,226,8,H226:M226,H226,label,유형자산 제외금액
국가별 계산,N226,226,14,N226:R226,N226,candidate,합계
국가별 계산,B227,227,2,B227:C227,B227,label,1. 적격종업원에 관한 해당기업 소재지국의 적격인건비
국가별 계산,D227,227,4,D227:G227,D227,label,2. 신고대상 사업연도에 적용되는 반영 비율
국가별 계산,H227,227,8,H227:J227,H227,label,3. 적격유형자산에 관한 해당기업 소재지국의 장부가액
국가별 계산,K227,227,11,K227:M227,K227,label,4. 신고대상 사업연도에 적용되는 반영 비율
국가별 계산,N227,227,14,N227:R227,N227,label,5. 실질기반제외소득
국가별 계산,B230,230,2,B230:R230,B230,label,3.3.2.2 실질기반제외소득 계산 목적상 적격인건비 및 적격유형자산 장부가액의 고정사업장 배분
국가별 계산,B231,231,2,B231:C231,B231,label,1. 적격인건비
국가별 계산,D231,231,4,D231:G231,D231,label,2. 적격유형자산 장부가액
국가별 계산,H231,231,8,H231:J231,H231,label,3. 고정사업장 소재지국
국가별 계산,K231,231,11,K231:M231,K231,label,4. 고정사업장에 배분된 적격인건비
국가별 계산,N231,231,14,N231:R231,N231,label,5. 고정사업장에 배분된 적격유형자산 장부가액
국가별 계산,B234,234,2,B234:R234,B234,label,3.3.2.3 실질기반제외소득 계산 목적상 투과기업의 적격인건비 및 적격유형자산 장부가액의 배분
국가별 계산,B235,235,2,B235:C235,B235,label,1. 적격인건비
국가별 계산,D235,235,4,D235:G235,D235,label,2. 적격유형자산 장부가액
국가별 계산,H235,235,8,H235:J235,H235,label,3. 주주구성기업 (또는 주주인  공동기업그룹 기업) 소재지국
국가별 계산,K235,235,11,K235:M235,K235,label,4. 주주구성기업 (또는 주주인 공동 기업그룹 기업)에 배분된 적격 인건비 (또는 실질기반제외소득  계산에서 제외되는 금액)
국가별 계산,N235,235,14,N235:R235,N235,label,5. 주주구성기업 (또는 주주인 공동기업그룹 기업)에 배분된 적격유형자산 장부가액 (또는  실질기반제외소득 계산에서 제외되는 금액)
국가별 계산,B238,238,2,B238:R238,B238,label,3.3.3 당기추가세액가산액
국가별 계산,B239,239,2,B239:R239,B239,label,3.3.3.1 「국제조세조정에 관한 법률 시행령」 제119조제2항 외의 당기추가세액가산액
국가별 계산,B240,240,2,,,label,1. 관련 근거
국가별 계산,C240,240,3,C240:D240,C240,label,2. 관련 사업연도
국가별 계산,E240,240,5,E240:F240,E240,label,3. 당초신고 또는 재계산
국가별 계산,G240,240,7,G240:I240,G240,label,4. 순글로벌최저한세 소득ㆍ결손
국가별 계산,J240,240,10,,,label,5. 조정대상조세
국가별 계산,K240,240,11,,,label,6. 실효세율
국가별 계산,L240,240,12,L240:M240,L240,label,7. 초과 이익
국가별 계산,N240,240,14,,,label,8. 추가세액    비율(%)
국가별 계산,O240,240,15,O240:P240,O240,label,9. 추가세액
국가별 계산,Q240,240,17,Q240:R240,Q240,label,10. 당기추가세액 가산액
국가별 계산,C241,241,3,C241:D242,C241,label,이전 사업연도
국가별 계산,E241,241,5,E241:F241,E241,label,a. 당초신고
국가별 계산,E242,242,5,E242:F242,E242,label,b. 재계산
국가별 계산,B244,244,2,B244:R244,B244,label,3.3.3.2 「국제조세조정에 관한 법률 시행령」 제119조제2항에 따른 당기추가세액가산액
국가별 계산,B245,245,2,B245:L245,B245,label,1. 소재지국 조정대상조세(음수)
국가별 계산,B246,246,2,B246:L246,B246,label,2. 소재지국 순글로벌최저한세결손
국가별 계산,B247,247,2,B247:L247,B247,label,3. 조정대상조세 예상액
국가별 계산,M247,247,13,M247:R247,M247,value,0
국가별 계산,B248,248,2,B248:L248,B248,label,4. 당기추가세액가산액
국가별 계산,M248,248,13,M248:R248,M248,value,0
국가별 계산,B250,250,2,B250:R250,B250,label,3.3.4 적격소재국추가세액
국가별 계산,B251,251,2,B251:J251,B251,label,1. 회계기준
국가별 계산,B252,252,2,B252:J252,B252,label,2. 적격소재국추가세액
국가별 계산,B253,253,2,B253:J253,B253,label,3. 적격소재국추가세제도 최저한세율(15%보다 높은 경우)
국가별 계산,B254,254,2,B254:J254,B254,label,4. 실효세율 계산을 위한 소득 및 세금 합산 기준(글로벌최저한세 규칙과 다른 경우)
국가별 계산,B255,255,2,B255:J255,B255,label,5. 사용 통화(연결재무제표 작성 통화와 다른 경우)
국가별 계산,B256,256,2,B256:J257,B256,label,6. 연결재무제표 작성 통화 또는 현지통화 사용 여부 5년선택
국가별 계산,K256,256,11,K256:L256,K256,candidate,통화
국가별 계산,M256,256,13,M256:O256,M256,label,선택 사업연도
국가별 계산,P256,256,16,P256:R256,P256,label,취소 사업연도
국가별 계산,B258,258,2,B258:J258,B258,label,7. 실질기반제외소득 적용가능 여부
국가별 계산,B259,259,2,B259:J259,B259,label,8. 최소적용제외 특례 적용가능 여부
Entity 작성요령,B2,2,2,,,label,시트명
Entity 작성요령,C2,2,3,,,label,항목번호
Entity 작성요령,D2,2,4,,,label,항목명
Entity 작성요령,E2,2,5,,,label,항목내용
Entity 작성요령,F2,2,6,,,label,복수선택
Entity 작성요령,B3,3,2,,,label,구성기업 계산
Entity 작성요령,C3,3,3,,,label,3.2.4(b)1
Entity 작성요령,D3,3,4,,,label,연결납세그룹
Entity 작성요령,E3,3,5,,,label,"납세자번호, 납세자번호 유형, 발급국가를 컴마로 구분하여 기재    납세자번호 유형  GIR3001: Tax Identification Number  GIR3002: Functionally equivalent number  GIR3003: Agreed GIR designated number  GIR3004: Not required to be reported    발급국가 ISO3166-alpha2"
Entity 작성요령,B4,4,2,,,label,구성기업 계산
Entity 작성요령,C4,4,3,,,label,3.2.4(b)2
Entity 작성요령,D4,4,4,,,label,해당 연결납세그룹에 포함된 기업
Entity 작성요령,E4,4,5,,,label,"납세자번호, 납세자번호 유형, 발급국가를 컴마로 구분하여 기재    납세자번호 유형  GIR3001: Tax Identification Number  GIR3002: Functionally equivalent number  GIR3003: Agreed GIR designated number  GIR3004: Not required to be reported    발급국가 ISO3166-alpha2"
Entity 작성요령,B5,5,2,,,label,구성기업 계산
Entity 작성요령,C5,5,3,,,label,3.2.4.1(b)1
Entity 작성요령,D5,5,4,,,label,해당 국가에 소재하는 구성기업 또는 공동기업그룹 기업 또는 무국적구성기업
Entity 작성요령,E5,5,5,,,label,"납세자번호, 납세자번호 유형, 발급국가를 컴마로 구분하여 기재    납세자번호 유형  GIR3001: Tax Identification Number  GIR3002: Functionally equivalent number  GIR3003: Agreed GIR designated number  GIR3004: Not required to be reported    발급국가 ISO3166-alpha2"
Entity 작성요령,B6,6,2,,,label,구성기업 계산
Entity 작성요령,C6,6,3,,,label,3.2.4.1(b)3
Entity 작성요령,D6,6,4,,,label,조정 근거
Entity 작성요령,E6,6,5,,,candidate,GIR1701: Article 3.4 GIR1702: Article 3.5.3 GIR1703: Article 3.5.1(a) GIR1704: Article 3.5.1(b)
Entity 작성요령,B7,7,2,,,label,구성기업 계산
Entity 작성요령,C7,7,3,,,label,3.2.4.1(b)4
Entity 작성요령,D7,7,4,,,label,상대구성기업 또는 공동기업그룹 기업
Entity 작성요령,E7,7,5,,,label,"납세자번호, 납세자번호 유형, 발급국가를 컴마로 구분하여 기재    납세자번호 유형  GIR3001: Tax Identification Number  GIR3002: Functionally equivalent number  GIR3003: Agreed GIR designated number  GIR3004: Not required to be reported    발급국가 ISO3166-alpha2"
Entity 작성요령,B8,8,2,,,label,구성기업 계산
Entity 작성요령,C8,8,3,,,label,3.2.4.1(b)5
Entity 작성요령,D8,8,4,,,label,상대구성기업 또는 공동기업그룹 기업의 소재지국
Entity 작성요령,E8,8,5,,,label,국가코드: ISO3166-alpha2
Entity 작성요령,B9,9,2,,,label,구성기업 계산
Entity 작성요령,C9,9,3,,,label,3.2.4.1(c)1
Entity 작성요령,D9,9,4,,,label,해당 국가에 소재하는 구성기업 또는 공동기업그룹 기업
Entity 작성요령,E9,9,5,,,label,"납세자번호, 납세자번호 유형, 발급국가를 컴마로 구분하여 기재    납세자번호 유형  GIR3001: Tax Identification Number  GIR3002: Functionally equivalent number  GIR3003: Agreed GIR designated number  GIR3004: Not required to be reported    발급국가 ISO3166-alpha2"
Entity 작성요령,B10,10,2,,,label,구성기업 계산
Entity 작성요령,C10,10,3,,,label,3.2.4.1(c)2
Entity 작성요령,D10,10,4,,,label,조정 근거
Entity 작성요령,E10,10,5,,,candidate,GIR1801: Article 3.2.3 GIR1802: Article 3.2.7
Entity 작성요령,B11,11,2,,,label,구성기업 계산
Entity 작성요령,C11,11,3,,,label,3.2.4.1(c)3
Entity 작성요령,D11,11,4,,,label,상대구성기업 또는 공동기업그룹 기업
Entity 작성요령,E11,11,5,,,label,"납세자번호, 납세자번호 유형, 발급국가를 컴마로 구분하여 기재    납세자번호 유형  GIR3001: Tax Identification Number  GIR3002: Functionally equivalent number  GIR3003: Agreed GIR designated number  GIR3004: Not required to be reported    발급국가 ISO3166-alpha2"
Entity 작성요령,B12,12,2,,,label,구성기업 계산
Entity 작성요령,C12,12,3,,,label,3.2.4.1(c)4
Entity 작성요령,D12,12,4,,,label,상대구성기업 또는 공동기업그룹 기업의 소재지국
Entity 작성요령,E12,12,5,,,label,국가코드: ISO3166-alpha2
Entity 작성요령,B13,13,2,,,label,구성기업 계산
Entity 작성요령,C13,13,3,,,label,3.2.4.1(d)1
Entity 작성요령,D13,13,4,,,label,해당 국가에 소재하는 구성기업 또는 공동기업그룹 기업
Entity 작성요령,E13,13,5,,,label,"납세자번호, 납세자번호 유형, 발급국가를 컴마로 구분하여 기재    납세자번호 유형  GIR3001: Tax Identification Number  GIR3002: Functionally equivalent number  GIR3003: Agreed GIR designated number  GIR3004: Not required to be reported    발급국가 ISO3166-alpha2"
Entity 작성요령,B14,14,2,,,label,구성기업 계산
Entity 작성요령,C14,14,3,,,label,3.2.4.1(d)2
Entity 작성요령,D14,14,4,,,label,감액 근거
Entity 작성요령,E14,14,5,,,candidate,GIR1901: Article 7.1.1 (a)(i) GIR1902: Article 7.1.1 (a)(ii) GIR1903: Article 7.1.1 (b) GIR1904: Article 7.1.1 (c) GIR1905: Article 7.2.1 (a)(i) GIR1906: Article 7.2.1 (a)(ii) GIR1907: Article 7.2.1 (a)(iii) GIR1908: Article 7.2.1 (b) GIR1909: Article 7.2.1 (c) GIR1910: Article 7.2.2 GIR1999: Article 7.1.2
Entity 작성요령,B15,15,2,,,label,구성기업 계산
Entity 작성요령,C15,15,3,,,label,3.2.4.1(d)3
Entity 작성요령,D15,15,4,,,label,소유지분보유자 또는 배당수취자 정보
Entity 작성요령,E15,15,5,,,label,"개인:  ""개인"",주주수,거주지국[,세율] 법인:  ""법인"",납세자번호값,유형,발급국가[,세율[,ExTypeOfEntity코드]]  """" 안에 있는 개인 또는 법인은 그대로 기재하라는 뜻이며 [] 안에 있는 세율과 ExTypeOfEntity코드는 선택사항이라는 뜻입니다. 만약 법인의 경우 세율은 skip하고 ExTypeOfEntity코드는 입력하려면 ..,발급국가,,ExTypeOfEntity코드와 같은 방식으로 입력하면 됩니다.  ExTypeOfEntity코드 GIR2801: Governmental Entity GIR2802: International Organisation GIR2803: Non-profit Organisation GIR2804: Pension Fund GIR2805: Pension Fund that is not a Pension Services Entity"
Entity 작성요령,B16,16,2,,,label,구성기업 계산
Entity 작성요령,C16,16,3,,,label,3.2.4.2(b)1
Entity 작성요령,D16,16,4,,,label,"구성기업, 공동기업그룹 기업(또는 무국적구성기업) 납세자번호"
Entity 작성요령,E16,16,5,,,label,"납세자번호, 납세자번호 유형, 발급국가를 컴마로 구분하여 기재    납세자번호 유형  GIR3001: Tax Identification Number  GIR3002: Functionally equivalent number  GIR3003: Agreed GIR designated number  GIR3004: Not required to be reported    발급국가 ISO3166-alpha2"
Entity 작성요령,B17,17,2,,,label,구성기업 계산
Entity 작성요령,C17,17,3,,,label,3.2.4.2(b)2
Entity 작성요령,D17,17,4,,,label,조정 근거
Entity 작성요령,E17,17,5,,,candidate,GIR2301: Article 4.3.2 (a) GIR2302: Article 4.3.2 (b) GIR2303: Article 4.3.2 (c) GIR2304: Article 4.3.2 (d) GIR2305: Article 4.3.2 (e) GIR2306: Article 4.3.3 (a) GIR2307: Article 4.3.3 (b) GIR2308: Article 4.3.4 GIR2309: Article 4.3.2(c) - Blended CFC regime
Entity 작성요령,B18,18,2,,,label,구성기업 계산
Entity 작성요령,C18,18,3,,,label,3.2.4.2(b)3
Entity 작성요령,D18,18,4,,,label,상대 구성기업(또는 공동기업그룹 기업) 납세자번호
Entity 작성요령,E18,18,5,,,label,"납세자번호, 납세자번호 유형, 발급국가를 컴마로 구분하여 기재    납세자번호 유형  GIR3001: Tax Identification Number  GIR3002: Functionally equivalent number  GIR3003: Agreed GIR designated number  GIR3004: Not required to be reported    발급국가 ISO3166-alpha2"
Entity 작성요령,B19,19,2,,,label,구성기업 계산
Entity 작성요령,C19,19,3,,,label,3.2.4.2(b)4
Entity 작성요령,D19,19,4,,,label,상대 구성기업(또는 공동기업그룹 기업) 소재지국
Entity 작성요령,E19,19,5,,,label,국가코드: ISO3166-alpha2
Entity 작성요령,B20,20,2,,,label,구성기업 계산
Entity 작성요령,C20,20,3,,,value,3.2.4.3.1
Entity 작성요령,D20,20,4,,,label,선택적용 대상 구성기업 납세자번호
Entity 작성요령,E20,20,5,,,label,"납세자번호, 납세자번호 유형, 발급국가를 컴마로 구분하여 기재    납세자번호 유형  GIR3001: Tax Identification Number  GIR3002: Functionally equivalent number  GIR3003: Agreed GIR designated number  GIR3004: Not required to be reported    발급국가 ISO3166-alpha2"
Entity 작성요령,B21,21,2,,,label,구성기업 계산
Entity 작성요령,C21,21,3,,,label,3.2.4.3.6k1
Entity 작성요령,D21,21,4,,,label,선택적용 대상 구성기업 납세자번호
Entity 작성요령,E21,21,5,,,label,"납세자번호, 납세자번호 유형, 발급국가를 컴마로 구분하여 기재    납세자번호 유형  GIR3001: Tax Identification Number  GIR3002: Functionally equivalent number  GIR3003: Agreed GIR designated number  GIR3004: Not required to be reported    발급국가 ISO3166-alpha2"
Entity 작성요령,B22,22,2,,,label,구성기업 계산
Entity 작성요령,C22,22,3,,,label,3.2.4.4(a)1
Entity 작성요령,D22,22,4,,,label,본 소재지국 구성기업 납세자번호
Entity 작성요령,E22,22,5,,,label,"납세자번호, 납세자번호 유형, 발급국가를 컴마로 구분하여 기재    납세자번호 유형  GIR3001: Tax Identification Number  GIR3002: Functionally equivalent number  GIR3003: Agreed GIR designated number  GIR3004: Not required to be reported    발급국가 ISO3166-alpha2"
Entity 작성요령,B23,23,2,,,label,구성기업 계산
Entity 작성요령,C23,23,3,,,label,3.2.4.4(a)2
Entity 작성요령,D23,23,4,,,candidate,유형
Entity 작성요령,E23,23,5,,,candidate,GIR2101: Article 3.3.2.a GIR2102: Article 3.3.2.b GIR2103: Article 3.3.2.c GIR2104: Article 3.3.2.d GIR2105: Article 3.3.2.e GIR2106: Article 3.3.2.f
Entity 작성요령,F23,23,6,,,label,가능(컴마로 구분)
Entity 작성요령,B24,24,2,,,label,구성기업 계산
Entity 작성요령,C24,24,3,,,label,3.2.4.4(a)6
Entity 작성요령,D24,24,4,,,candidate,유형
Entity 작성요령,E24,24,5,,,candidate,GIR2201: Article 3.3.3.a GIR2202: Article 3.3.3.b GIR2203: Article 3.3.3.c GIR2204: Article 3.3.3.d GIR2205: Article 3.3.3.e
Entity 작성요령,B25,25,2,,,label,구성기업 계산
Entity 작성요령,C25,25,3,,,value,3.2.4.5.1
Entity 작성요령,D25,25,4,,,label,선택대상인 주주구성기업 (또는 주주인 공동기업그룹 기업)
Entity 작성요령,E25,25,5,,,label,"납세자번호, 납세자번호 유형, 발급국가를 컴마로 구분하여 기재    납세자번호 유형  GIR3001: Tax Identification Number  GIR3002: Functionally equivalent number  GIR3003: Agreed GIR designated number  GIR3004: Not required to be reported    발급국가 ISO3166-alpha2"
Entity 작성요령,B26,26,2,,,label,구성기업 계산
Entity 작성요령,C26,26,3,,,value,3.2.4.5.2
Entity 작성요령,D26,26,4,,,label,선택대상 투자기업
Entity 작성요령,E26,26,5,,,label,"납세자번호, 납세자번호 유형, 발급국가를 컴마로 구분하여 기재    납세자번호 유형  GIR3001: Tax Identification Number  GIR3002: Functionally equivalent number  GIR3003: Agreed GIR designated number  GIR3004: Not required to be reported    발급국가 ISO3166-alpha2"
Entity 작성요령,B27,27,2,,,label,구성기업 계산
Entity 작성요령,C27,27,3,,,value,3.2.4.6.1
Entity 작성요령,D27,27,4,,,label,최종모기업의 연결재무제표 작성 회계기준 외의 회계기준에 따라 계산된 회계상 순손익을 사용하는 구성기업(또는 공동기업그룹 기업)의 납세자번호
Entity 작성요령,E27,27,5,,,label,"납세자번호, 납세자번호 유형, 발급국가를 컴마로 구분하여 기재    납세자번호 유형  GIR3001: Tax Identification Number  GIR3002: Functionally equivalent number  GIR3003: Agreed GIR designated number  GIR3004: Not required to be reported    발급국가 ISO3166-alpha2"
Entity 작성요령,B28,28,2,,,label,추가세액
Entity 작성요령,C28,28,3,,,label,3.4.1.1a
Entity 작성요령,D28,28,4,,,label,저율과세구성기업 또는 저율과세 공동기업그룹 기업의 납세자번호
Entity 작성요령,E28,28,5,,,label,"납세자번호, 납세자번호 유형, 발급국가를 컴마로 구분하여 기재    납세자번호 유형  GIR3001: Tax Identification Number  GIR3002: Functionally equivalent number  GIR3003: Agreed GIR designated number  GIR3004: Not required to be reported    발급국가 ISO3166-alpha2"
Entity 작성요령,B29,29,2,,,label,추가세액
Entity 작성요령,C29,29,3,,,label,3.4.1.2~3.4.1.3
Entity 작성요령,D29,29,4,,,label,적격소득산입규칙을    적용해야 하는 모기업 ~ 소득산입규칙    추가세액
Entity 작성요령,E29,29,5,,,label,"모기업 납세자번호, 납세자번호 유형, 발급국가, 모기업 소재지국, 모기업 외의 다른 소유지분 보유자에게 귀속되는 글로벌최저한세소득, 모기업의 소득산입비율, 모기업의 추가세액배분액, 모기업의 추가세액배분액의 차감액, 모기업이 납부할 추가세액 합계를 콤마로 연결"
Entity 작성요령,F29,29,6,,,label,가능(세미콜론으로 구분)
Entity 작성요령,B30,30,2,,,label,추가세액
Entity 작성요령,C30,30,3,,,label,3.4.1.2a
Entity 작성요령,D30,30,4,,,label,모기업
Entity 작성요령,E30,30,5,,,label,"납세자번호, 납세자번호 유형, 발급국가를 컴마로 구분하여 기재    납세자번호 유형  GIR3001: Tax Identification Number  GIR3002: Functionally equivalent number  GIR3003: Agreed GIR designated number  GIR3004: Not required to be reported    발급국가 ISO3166-alpha2"
Entity 작성요령,B31,31,2,,,label,추가세액
Entity 작성요령,C31,31,3,,,label,3.4.1.2b
Entity 작성요령,D31,31,4,,,label,모기업 소재지국
Entity 작성요령,E31,31,5,,,label,국가코드: ISO3166-alpha2
Entity 작성요령,B32,32,2,,,label,추가세액
Entity 작성요령,C32,32,3,,,value,3.4.2.1
Entity 작성요령,D32,32,4,,,label,「국제조세조정에 관한 법률」 제73조제3항제1호에 해당하지 않는 저율과세구성기업 또는 저율과세 공동기업그룹 기업의 납세자번호
Entity 작성요령,E32,32,5,,,label,"납세자번호, 납세자번호 유형, 발급국가를 컴마로 구분하여 기재    납세자번호 유형  GIR3001: Tax Identification Number  GIR3002: Functionally equivalent number  GIR3003: Agreed GIR designated number  GIR3004: Not required to be reported    발급국가 ISO3166-alpha2"
구성기업 계산,B2,2,2,B2:R2,B2,label,3.2.4 구성기업(공동기업그룹 기업)별 계산
구성기업 계산,B3,3,2,B3:R3,B3,label,(a) 전환기 국가별 간소화 신고체계 선택
구성기업 계산,B4,4,2,B4:N4,B4,label,1. 귀 다국적기업그룹은 전환기 국가별 간소화 신고체계의 적용을 선택합니까?
구성기업 계산,B6,6,2,B6:R6,B6,label,(b) 연결납세그룹에 대한 통합신고
구성기업 계산,B7,7,2,B7:J7,B7,label,1. 연결납세그룹(납세자번호)
구성기업 계산,K7,7,11,K7:R7,K7,label,2. 해당 연결납세그룹에 포함된 기업(납세자번호)
구성기업 계산,B13,13,2,B13:R13,B13,label,3.2.4.1 글로벌최저한세소득ㆍ결손
구성기업 계산,B14,14,2,B14:R14,B14,label,(a) 회계상 순손익에 대한 조정
구성기업 계산,B15,15,2,B15:L15,B15,label,1. 구성기업 또는 공동기업그룹 기업의 납세자번호
구성기업 계산,B16,16,2,B16:L16,B16,label,2. 「국제조세조정에 관한 법률」 제66조제4항부터 제7항까지 및 같은 법 시행령 제107조ㆍ제108조에 따른 배분 후 회계상 순손익
구성기업 계산,B17,17,2,B17:L17,B17,label,3. 조정사항
구성기업 계산,M17,17,13,M17:O17,M17,label,가산액
구성기업 계산,P17,17,16,P17:R17,P17,label,차감액
구성기업 계산,B18,18,2,B18:L18,B18,label,(a) 순조세비용의 가산(「국제조세조정에 관한 법률 시행규칙」 별표 1 제1호)
구성기업 계산,B19,19,2,B19:L19,B19,label,(b) 배당수익의 차감(「국제조세조정에 관한 법률 시행규칙」 별표 1 제2호)
구성기업 계산,B20,20,2,B20:L20,B20,label,(c) 지분손익의 조정(「국제조세조정에 관한 법률 시행규칙」 별표 1 제4호)
구성기업 계산,B21,21,2,B21:L21,B21,label,(d) 재평가손익의 조정(「국제조세조정에 관한 법률 시행규칙」 별표 1 제5호)
구성기업 계산,B22,22,2,B22:L22,B22,label,(e) 글로벌최저한세조직재편에 대한 특례(「국제조세조정에 관한 법률」 제76조제2항부터 제4항까지 및 같은 법 시행령 제129조)
구성기업 계산,B23,23,2,B23:L23,B23,label,(f) 비대칭외환손익의 조정(「국제조세조정에 관한 법률 시행규칙」 별표 1 제6호)
구성기업 계산,B24,24,2,B24:L24,B24,label,(g) 정책적 부인비용의 가산(「국제조세조정에 관한 법률 시행규칙」 별표 1 제3호)
구성기업 계산,B25,25,2,B25:L25,B25,label,(h) 전기 오류수정에 따른 조정(「국제조세조정에 관한 법률 시행규칙」 별표 1 제14호)
구성기업 계산,B26,26,2,B26:L26,B26,label,(i) 회계정책 변경에 따른 조정(「국제조세조정에 관한 법률 시행규칙」 별표 1 제14호)
구성기업 계산,B27,27,2,B27:L27,B27,label,(j) 연금손익의 조정(「국제조세조정에 관한 법률 시행규칙」 별표 1 제7호)
구성기업 계산,B28,28,2,B28:L28,B28,label,(k) 채무면제이익의 조정(「국제조세조정에 관한 법률 시행규칙」 별표 1 제11호)
구성기업 계산,B29,29,2,B29:L29,B29,label,(l) 주식기준보상비용의 조정(「국제조세조정에 관한 법률 시행규칙」 별표 1 제8호)
구성기업 계산,B30,30,2,B30:L30,B30,label,(m) 정상가격 및 동일가격 원칙의 적용에 따른 조정(「국제조세조정에 관한 법률 시행규칙」 별표 1 제17호)
구성기업 계산,B31,31,2,B31:L31,B31,label,(n) 적격환급가능세액공제 또는 적격양도가능세액공제 금액의 조정(「국제조세조정에 관한 법률 시행규칙」 별표 1 제12호 및 제13호)
구성기업 계산,B32,32,2,B32:L32,B32,label,(o) 실현주의의 적용에 따른 조정(「국제조세조정에 관한 법률 시행규칙」 별표 1 제16호)
구성기업 계산,B33,33,2,B33:L33,B33,label,(p) 총자산처분이익의 조정(「국제조세조정에 관한 법률 시행규칙」 별표 1 제10호)
구성기업 계산,B34,34,2,B34:L34,B34,label,(q) 그룹내부금융약정비용의 조정(「국제조세조정에 관한 법률 시행규칙」 별표 1 제9호)
구성기업 계산,B35,35,2,B35:L35,B35,label,(r) 구성기업 간 연결회계조정 결과의 반영에 따른 조정(「국제조세조정에 관한 법률 시행규칙」 별표 1 제15호)
구성기업 계산,B36,36,2,B36:L36,B36,label,(s) 보험계약자 관련 손익의 조정(「국제조세조정에 관한 법률 시행규칙」 별표 1 제18호)
구성기업 계산,B37,37,2,B37:L37,B37,label,(t) 그 밖의 기본자본 등에 대한 배당에 따른 조정(「국제조세조정에 관한 법률 시행규칙」 별표 1 제19호)
구성기업 계산,B38,38,2,B38:L38,B38,label,(u) 조직재편시 구성기업의 처리(「국제조세조정에 관한 법률 시행령」 제128조)
구성기업 계산,B39,39,2,B39:L39,B39,label,(v) 투과기업인 최종모기업에 대한 특례(「국제조세조정에 관한 법률」 제77조의2제2항 및 같은 법 시행령 제133조)
구성기업 계산,B40,40,2,B40:L40,B40,label,(w) 배당공제제도를 적용받는 최종모기업에 대한 특례(「국제조세조정에 관한 법률」 제77조의2제1항 및 같은 법 시행령 제132조)
구성기업 계산,B41,41,2,B41:L41,B41,label,(x) 과세분배방법 적용 선택에 따른 조정(「국제조세조정에 관한 법률」 제79조제6항 및 같은 법 시행령 제137조)
구성기업 계산,B42,42,2,B42:L42,B42,label,(y) 국제해운소득ㆍ결손(「국제조세조정에 관한 법률」 제66조제3항 및 같은 법 시행령 제106조)
구성기업 계산,B43,43,2,B43:L43,B43,label,(z) 구성기업 간 자산거래(「국제조세조정에 관한 법률 시행규칙」 제89조제4항)
구성기업 계산,B44,44,2,B44:L44,B44,label,4. 구성기업 또는 공동기업그룹 기업의 글로벌최저한세소득ㆍ결손
구성기업 계산,M44,44,13,M44:R44,M44,value,0
구성기업 계산,B46,46,2,B46:R46,B46,label,(b) 본점과 고정사업장간 손익의 국가간 배분 및 투과기업 손익의 국가간 배분 (「국제조세조정에 관한 법률」 제66조제4항부터 제7항까지 및 같은 법 시행령 제107조ㆍ제108조)
구성기업 계산,B47,47,2,,,label,1. 해당 국가에  소재하는 구성기업 또는 공동기업그룹 기업 또는 무국적 구성기업 (납세자번호)
구성기업 계산,C47,47,3,C47:D47,C47,label,2. 조정 전  회계상 순손익
구성기업 계산,E47,47,5,E47:F47,E47,label,3. 조정근거
구성기업 계산,G47,47,7,G47:I47,G47,label,4. 상대 구성기업 또는 공동기업그룹 기업 (납세자번호)
구성기업 계산,J47,47,10,J47:K47,J47,label,5. 상대 구성기업  또는 공동기업그룹 기업의  소재지국(ISO 코드)
구성기업 계산,L47,47,12,L47:M47,L47,label,6. 해당 구성기업에 대한 손익배분 가산액
구성기업 계산,N47,47,14,N47:P47,N47,label,7. 해당 구성기업에 대한 손익배분 차감액
구성기업 계산,Q47,47,17,Q47:R47,Q47,label,8. 조정 후  회계상 순손익
구성기업 계산,B53,53,2,B53:R53,B53,label,(c) 국가간 손익 조정
구성기업 계산,B54,54,2,,,label,1. 해당 국가에 소재하는 구성기업 또는 공동기업 그룹 기업 (납세자번호)
구성기업 계산,C54,54,3,C54:E54,C54,label,2. 조정근거
구성기업 계산,F54,54,6,F54:H54,F54,label,3. 상대 구성기업 또는 공동기업그룹 기업(납세자번호)
구성기업 계산,I54,54,9,I54:K54,I54,label,4. 상대 구성기업 또는 공동기업 그룹 기업 소재지국(ISO 코드)
구성기업 계산,L54,54,12,L54:O54,L54,label,5. 해당 구성기업에 대한 손익배분 가산액
구성기업 계산,P54,54,16,P54:R54,P54,label,6. 해당 구성기업에 대한 손익배분 차감액
구성기업 계산,B60,60,2,B60:R60,B60,label,(d) 「국제조세조정에 관한 법률」 제77조의2에 따른 최종모기업의 글로벌최저한세소득 감액
구성기업 계산,B61,61,2,B61:D61,B61,label,1. 해당 국가에 소재하는 구성기업 또는 공동기업그룹 기업(납세자번호)
구성기업 계산,E61,61,5,E61:G61,E61,label,2. 감액근거
구성기업 계산,H61,61,8,H61:J61,H61,label,3. 소유지분보유자 또는 배당수취자 정보
구성기업 계산,K61,61,11,K61:M61,K61,label,4. 직접보유비율(%)
구성기업 계산,N61,61,14,N61:R61,N61,label,5. 해당 구성기업의 소득차감액
구성기업 계산,B66,66,2,B66:R66,B66,label,3.2.4.2 조정대상조세
구성기업 계산,B67,67,2,B67:R67,B67,label,(a) 회계상 당기법인세비용 조정
구성기업 계산,B68,68,2,B68:N68,B68,label,1. 구성기업 또는 공동기업그룹 기업의 납세자번호
구성기업 계산,B69,69,2,B69:N69,B69,label,2.「국제조세조정에 관한 법률 시행령」 제111조에 따른 배분 후 당기법인세비용
구성기업 계산,B70,70,2,B70:N70,B70,label,3. 조정사항
구성기업 계산,O70,70,15,O70:P70,O70,label,가산액
구성기업 계산,Q70,70,17,Q70:R70,Q70,label,차감액
구성기업 계산,B71,71,2,B71:N71,B71,label,(a) 회계상 세전이익 계산에서 비용으로 계상한 대상조세(「국제조세조정에 관한 법률 시행령」 제110조제1호가목)
구성기업 계산,B72,72,2,B72:N72,B72,label,(b) 이전 사업연도에 대상조세 차감으로 처리되었던 불확실한 세무처리 항목 관련 대상조세의 당기 납부(「국제조세조정에 관한 법률 시행령」 제110조제1호나목)
구성기업 계산,B73,73,2,B73:N73,B73,label,(c) 당기법인세비용에서 차감된 적격환급가능세액공제 또는 적격양도가능세액공제(「국제조세조정에 관한 법률 시행령」 제110조제1호다목)
구성기업 계산,B74,74,2,B74:N74,B74,label,(d) 적격 소유지분에 의한 적격투과조세혜택(「국제조세조정에 관한 법률 시행규칙」 별표 1 제4호사목부터 차목까지)
구성기업 계산,B75,75,2,B75:N75,B75,label,(e) 글로벌최저한세소득ㆍ결손 계산에서 제외되는 소득에 대한 당기법인세비용(「국제조세조정에 관한 법률 시행령」 제110조제2호가목)
구성기업 계산,B76,76,2,B76:N76,B76,label,"(f) 당기법인세비용의 감액으로 처리되지 않은 비적격환급가능세액공제, 비적격양도가능세액공제 또는 그 밖의 세액공제     (「국제조세조정에 관한 법률 시행령」 제110조제2호나목 및 다목)"
구성기업 계산,B77,77,2,B77:N77,B77,label,(g) 적격환급가능세액공제 및 적격양도가능세액공제를 제외한 대상조세 환급 및 세액공제로서 당기법인세비용 감액으로 처리되지 않은 금액     (「국제조세조정에 관한 법률 시행령」 제110조제2호라목)
구성기업 계산,B78,78,2,B78:N78,B78,label,(h) 불확실한 세무처리 항목 관련 당기법인세비용(「국제조세조정에 관한 법률 시행령」 제110조제2호마목)
구성기업 계산,B79,79,2,B79:N79,B79,label,(i) 사업연도 종료일부터 3년 이내에 납부되지 않을 것으로 예상되는 당기법인세비용(「국제조세조정에 관한 법률 시행령」 제110조제2호바목)
구성기업 계산,B80,80,2,B80:N80,B80,label,(j) 신고 후 조정(「국제조세조정에 관한 법률」 제68조제1항 및 제2항)
구성기업 계산,B81,81,2,B81:N81,B81,label,(k) 총자산처분이익 조정 선택을 한 경우에 대한 자산처분순손익 관련 대상조세(「국제조세조정에 관한 법률 시행규칙」 별표 1 제10호가목)
구성기업 계산,B82,82,2,B82:N82,B82,label,(l) 투과기업인 최종모기업의 대상조세 감액(「국제조세조정에 관한 법률 시행령」 제133조제2항)
구성기업 계산,B83,83,2,B83:N83,B83,label,(m) 배당공제제도 적용 최종모기업의 차감된 글로벌최저한세소득금액 관련 대상조세(「국제조세조정에 관한 법률 시행령」 제132조)
구성기업 계산,B84,84,2,B84:N84,B84,label,(n) 간주분배세액(「국제조세조정에 관한 법률 시행령」 제134조제7항)
구성기업 계산,B85,85,2,B85:N85,B85,label,(o) 과세분배방법 적용 선택(「국제조세조정에 관한 법률 시행령」 제137조)
구성기업 계산,B86,86,2,B86:N86,B86,label,(p) 총이연법인세조정금액(「국제조세조정에 관한 법률」 제67조제2항부터 제4항까지)
구성기업 계산,B87,87,2,B87:N87,B87,label,(q) 글로벌최저한세소득ㆍ결손 계산에 포함되고 과세 대상인 손익과 관련된 대상조세 증감액에 대응되는 것으로서 회계상 자본 또는 기타포괄손익에 계상된 것     (「국제조세조정에 관한 법률 시행령」 제110조제3호나목)
구성기업 계산,B88,88,2,B88:N88,B88,label,4. 조정대상조세
구성기업 계산,O88,88,15,O88:R88,O88,value,0
구성기업 계산,B90,90,2,B90:R90,B90,label,(b) 대상조세 국가간 배분
구성기업 계산,B91,91,2,,,label,"1. 구성기업, 공동 기업그룹 기업 (또는 무국적구성 기업) 납세자번호"
구성기업 계산,C91,91,3,C91:D91,C91,label,2. 구성기업(또는 공동 기업그룹 기업)의  배분 전 대상조세
구성기업 계산,E91,91,5,E91:F91,E91,label,3. 조정 근거
구성기업 계산,G91,91,7,G91:I91,G91,label,4. 상대 구성기업(또는 공동기업그룹  기업) 납세자번호
구성기업 계산,J91,91,10,J91:K91,J91,label,5. 상대 구성기업(또는 공동기업그룹 기업) 소재지국(ISO 코드)
구성기업 계산,L91,91,12,L91:M91,L91,label,6. 해당 구성기업에 대한 손익배분 가산액
구성기업 계산,N91,91,14,N91:P91,N91,label,7. 해당 구성기업에 대한 손익배분 차감액
구성기업 계산,Q91,91,17,Q91:R91,Q91,label,8. 조정 후 구성기업 (또는 공동기업그룹의 기업)의 대상조세
구성기업 계산,B94,94,2,B94:R94,B94,label,(c) 이연법인세
구성기업 계산,B95,95,2,B95:N95,B95,label,1. 구성기업 또는 공동기업그룹 기업의 납세자번호
구성기업 계산,B96,96,2,B96:N96,B96,label,2. 이연법인세비용 금액(글로벌최저한세 기준)
구성기업 계산,B97,97,2,B97:N97,B97,label,3. 이연법인세비용의 조정
구성기업 계산,O97,97,15,O97:P97,O97,label,가산액
구성기업 계산,Q97,97,17,Q97:R97,Q97,label,차감액
구성기업 계산,B98,98,2,B98:N98,B98,label,(a) 글로벌최저한세소득ㆍ결손 계산에서 제외되는 손익 항목 관련 이연법인세비용(「국제조세조정에 관한 법률 시행령」 제112조제1항제1호의2가목)
구성기업 계산,B99,99,2,B99:N99,B99,label,(b) 불확실한 세무처리 항목 등 관련 이연법인세비용(「국제조세조정에 관한 법률 시행령」 제112조제1항1호의2다목)
구성기업 계산,B100,100,2,B100:N100,B100,label,(c) 이연법인세부채 미반영 선택 사항 관련 이연법인세비용(「(국제조세조정에 관한 법률 시행령」 제112조제1항1호의2나목4))
구성기업 계산,B101,101,2,B101:N101,B101,label,(d) 이연법인세자산에 대한 평가 조정 또는 인식 조정 관련(「국제조세조정에 관한 법률 시행령」 제112조제1항1호의2나목1))
구성기업 계산,B102,102,2,B102:N102,B102,label,(e) 법인세 세율 변동에 따른 재계산 관련 이연법인세비용(「국제조세조정에 관한 법률 시행령」 제112조제1항1호의2나목2))
구성기업 계산,B103,103,2,B103:N103,B103,label,(f) 이월세액공제의 발생 또는 사용 관련 이연법인세비용(「국제조세조정에 관한 법률 시행령」 제112조제1항1호의2나목3))
구성기업 계산,B104,104,2,B104:N104,B104,label,(g) 국내원천결손 관련 대체이월결손금 이연법인세자산(「국제조세조정에 관한 법률 시행규칙」 제71조제1항부터 제3항까지)
구성기업 계산,B105,105,2,B105:N105,B105,label,(h) 이전 사업연도의 이연법인세 미반영 선택 사항에 대한 법인세로서 신고대상 사업연도에 환원된 금액(「국제조세조정에 관한 법률 시행령」 제112조제1항제2호가목)
구성기업 계산,B106,106,2,B106:N106,B106,label,(i) 이전 사업연도에 발생한 이연법인세부채환입액으로서 신고대상 사업연도에 환원된 금액(「국제조세조정에 관한 법률 시행령」 제112조제1항제2호나목)
구성기업 계산,B107,107,2,B107:N107,B107,label,(j) 회계상 인식 기준 미충족으로 계상되지 않은 신고대상 사업연도의 결손금 이연법인세자산의 인식(「국제조세조정에 관한 법률 시행령」 제112조제1항제3호)
구성기업 계산,B108,108,2,B108:N108,B108,label,(k) 세율 인하에 따른 이연법인세비용 조정(「국제조세조정에 관한 법률 시행령」 제116조제1호)
구성기업 계산,B109,109,2,B109:N109,B109,label,(l) 세율 인상에 따른 이연법인세비용 조정(「국제조세조정에 관한 법률 시행령」 제116조제2호)
구성기업 계산,B110,110,2,B110:N110,B110,label,(m) 조직재편 시 다국적기업그룹의 구성기업으로 포함되거나 제외되는 경우(「국제조세조정에 관한 법률 시행규칙」 제80조제4호 및 제5호)
구성기업 계산,B111,111,2,B111:N111,B111,label,(n) 투과기업인 최종모기업의 이연법인세비용(「국제조세조정에 관한 법률 시행령」 제133조)
구성기업 계산,B112,112,2,B112:N112,B112,label,(o) 배당공제제도 적용 최종모기업의 이연법인세비용(「국제조세조정에 관한 법률 시행령」 제132조)
구성기업 계산,B113,113,2,B113:N113,B113,label,(p) 구성기업 간 자산거래에 따른 이연법인세 조정(「국제조세조정에 관한 법률 시행규칙」 제89조제4항)
구성기업 계산,B114,114,2,B114:N114,B114,label,4. 최저한세율보다 낮은 세율로 계상된 이연법인세비용과 최저한세율로 재계산된 이연법인세비용의 차이 금액
구성기업 계산,B115,115,2,B115:N115,B115,label,5. 최저한세율보다 높은 세율로 계상된 이연법인세비용과 최저한세율로 재계산된 이연법인세비용의 차이 금액
구성기업 계산,B116,116,2,B116:N116,B116,label,6. 총이연법인세조정금액
구성기업 계산,O116,116,15,O116:R116,O116,value,0
구성기업 계산,B118,118,2,B118:R118,B118,label,3.2.4.3 구성기업(또는 공동기업그룹 기업)별 선택
구성기업 계산,B119,119,2,B119:N119,B119,label,1. 선택적용 대상 구성기업(또는 공동기업그룹 기업) 납세자번호
구성기업 계산,B120,120,2,B120:B122,B120,label,2. 매년 선택
구성기업 계산,C120,120,3,C120:N120,C120,label,a. 중요성이 낮은 구성기업에 대한 간소화 계산 선택(간소화 계산 적용)
구성기업 계산,C121,121,3,C121:N121,C121,label,b. 채무면제이익의 제외 선택(「국제조세조정에 관한 법률 시행규칙」 별표 1 제11호)
구성기업 계산,C122,122,3,C122:N122,C122,label,c. 이연법인세비용 미반영 선택(「국제조세조정에 관한 법률 시행령」 제112조제1항제1호의2나목4))
구성기업 계산,B123,123,2,B123:B129,B123,label,3. 5년 선택
구성기업 계산,O123,123,15,O123:P123,O123,label,4. 선택 사업연도
구성기업 계산,Q123,123,17,Q123:R123,Q123,label,5. 취소 사업연도
구성기업 계산,C124,124,3,C124:N124,C124,label,d. 제외기업의 구성기업 간주 선택(「국제조세조정에 관한 법률」 제62조제4항)
구성기업 계산,C125,125,3,C125:N125,C125,label,e. 분산투자지분에 대한 배당의 글로벌최저한세소득 포함 선택(「국제조세조정에 관한 법률 시행규칙」 별표 1 제2호다목)
구성기업 계산,C126,126,3,C126:N126,C126,label,f. 분산투자지분 외의 소유지분 관련 환위험 회피수단 발생 외환손익의 제외 지분손익 포함 선택(「국제조세조정에 관한 법률 시행규칙」 별표 1 제4호나목)
구성기업 계산,C127,127,3,C127:N127,C127,label,g. 투자기업의 투시과세기업 취급 선택(「국제조세조정에 관한 법률」 제79조제5항 및 같은 법 시행령 제136조)
구성기업 계산,C128,128,3,C128:N128,C128,label,h. 투자기업에 대한 과세분배방법 적용 선택(「국제조세조정에 관한 법률」 제79조제6항 및 같은 법 시행령 제137조)
구성기업 계산,C129,129,3,C129:N129,C129,label,i. 이연법인세비용 미반영 선택(「국제조세조정에 관한 법률 시행령」 제112조제1항제1호의2나목4))
구성기업 계산,B130,130,2,,,label,6. 기타선택
구성기업 계산,C130,130,3,C130:N130,C130,label,j. 결손취급특례 적용 선택(「국제조세조정에 관한 법률」 제67조제4항 및 같은 법 시행령 제113조의3)
구성기업 계산,B132,132,2,B132:R132,B132,label,k. 공정가액조정 선택(「국제조세조정에 관한 법률」 제76조제4항 및 같은 법 시행령 제129조제4항)
구성기업 계산,B133,133,2,B133:D133,B133,label,1. 선택적용 대상 구성기업 (또는     공동기업그룹 기업) 납세자번호
구성기업 계산,E133,133,5,E133:H133,E133,label,2. 공정가액조정 적용 사업연도
구성기업 계산,I133,133,9,I133:R133,I133,label,3. (i) 공정가액조정 적용 사업연도의 글로벌최저한세소득 포함(「국제조세조정에 관한 법률 시행령」        제129조제4항제3호가목) 또는     (ii) 공정가액조정 적용 사업연도 및 이후 4개 사업연도의 글로벌최저한세소득 포함 선택        (「국제조세조정에 관한 법률 시행령」 제129조제4항제3호나목)
구성기업 계산,B139,139,2,B139:R139,B139,label,3.2.4.4 국제해운소득ㆍ결손 제외
구성기업 계산,B140,140,2,B140:R140,B140,label,(a) 국제해운소득ㆍ결손 제외
구성기업 계산,B141,141,2,B141:N141,B141,label,1. 본 소재지국 구성기업(또는 공동기업그룹 기업) 납세자번호
구성기업 계산,B142,142,2,B142:C145,B142,label,국제해운소득ㆍ결손
구성기업 계산,D142,142,4,D142:N142,D142,label,2. 유형(「국제조세조정에 관한 법률 시행령」 제106조제1항제1호부터 제6호까지의 규정 중 선택)
구성기업 계산,D143,143,4,D143:N143,D143,label,3. 수익
구성기업 계산,D144,144,4,D144:N144,D144,label,4. 비용
구성기업 계산,D145,145,4,D145:N145,D145,label,5. 국제해운소득ㆍ결손
구성기업 계산,O145,145,15,O145:R145,O145,value,0
구성기업 계산,B146,146,2,B146:C149,B146,label,적격국제해운부수소득ㆍ결손
구성기업 계산,D146,146,4,D146:N146,D146,label,6. 유형(「국제조세조정에 관한 법률 시행령」 제106조제2항제1호부터 제5호까지의 규정 중 선택)
구성기업 계산,D147,147,4,D147:N147,D147,label,7. 수익
구성기업 계산,D148,148,4,D148:N148,D148,label,8. 비용
구성기업 계산,D149,149,4,D149:N149,D149,label,9. 적격국제해운부수소득ㆍ결손
구성기업 계산,O149,149,15,O149:R149,O149,value,0
구성기업 계산,B150,150,2,B150:C151,B150,label,실질기반제외소득에 대한 효과
구성기업 계산,D150,150,4,D150:N150,D150,label,10. 국제해운소득ㆍ결손 및 적격국제해운부수소득ㆍ결손에 귀속되는 인건비
구성기업 계산,D151,151,4,D151:N151,D151,label,11. 국제해운소득ㆍ결손 및 적격국제해운부수소득ㆍ결손 창출에 사용된 유형자산 장부가액
구성기업 계산,B152,152,2,B152:C152,B152,label,대상조세
구성기업 계산,D152,152,4,D152:N152,D152,label,12. 국제해운소득ㆍ결손 및 적격국제해운부수소득ㆍ결손에 귀속되는 대상조세
구성기업 계산,B154,154,2,B154:R154,B154,label,3.2.4.5 과세분배방법 적용 선택 관련 정보(해당되는 경우)
구성기업 계산,B155,155,2,B155:R155,B155,label,과세분배방법 적용 선택
구성기업 계산,B156,156,2,B156:D156,B156,label,1. 선택대상인 주주구성기업 (또는 주주인 공동기업그룹 기업) (납세자번호)
구성기업 계산,E156,156,5,E156:F156,E156,label,2. 선택대상 투자기업 (납세자번호)
구성기업 계산,G156,156,7,G156:J156,G156,label,3. 투자기업의 글로벌최저한세소득으로서 주주구성기업(또는 주주인 공동기업그룹 기업)이 수취하거나 수취한 것으로  간주되는 분배금
구성기업 계산,K156,156,11,K156:M156,K156,label,4. 투자기업이 납부하는 대상조세로서 주주구성기업(또는 주주인  공동기업그룹 기업)의  분배금 등에 대한 산출세액에서 공제되는 금액
구성기업 계산,N156,156,14,N156:R156,N156,label,5. 투자기업의 미분배 순글로벌최저한세 소득금액 잔액 중 해당 주주구성기업 (또는 주주인 공동기업그룹 기업)에 귀속되는 지분율
구성기업 계산,B162,162,2,B162:R162,B162,label,3.2.4.6. 그 밖의 회계기준
구성기업 계산,B163,163,2,B163:J163,B163,label,1. 최종모기업의 연결재무제표 작성 회계기준 외의 회계기준에 따라 계산된 회계상 순손익을 사용하는 구성기업(또는 공동기업그룹 기업)의 납세자번호
구성기업 계산,K163,163,11,K163:R163,K163,label,2. 적용하는 인정회계기준 또는 공인회계기준
구성기업 계산,B169,169,2,B169:R169,B169,label,3.4 추가세액 배분과 귀속
구성기업 계산,B170,170,2,B170:R170,B170,label,3.4.1 해당 국가에 대한 소득산입규칙의 적용
구성기업 계산,B171,171,2,B171:C173,B171,label,1. 추가세액 배분    그룹기업
구성기업 계산,D171,171,4,D171:N171,D171,label,a. 저율과세구성기업 또는 저율과세 공동기업그룹 기업의 납세자번호
구성기업 계산,D172,172,4,D172:N172,D172,label,b. 저율과세구성기업 또는 저율과세 공동기업그룹 기업의 글로벌최저한세소득
구성기업 계산,D173,173,4,D173:N173,D173,label,c. 저율과세구성기업 또는 저율과세 공동기업그룹 기업의 추가세액
구성기업 계산,B174,174,2,B174:C177,B174,label,2. 적격소득산입규칙을    적용해야 하는 모기업
구성기업 계산,D174,174,4,D174:N174,D174,label,a. 모기업(납세자번호)
구성기업 계산,D175,175,4,D175:N175,D175,label,b. 모기업 소재지국
구성기업 계산,D176,176,4,D176:N176,D176,label,c. 모기업 외의 다른 소유지분 보유자에게 귀속되는 글로벌최저한세소득
구성기업 계산,D177,177,4,D177:N177,D177,label,d. 모기업의 소득산입비율
구성기업 계산,B178,178,2,B178:C180,B178,label,3. 소득산입규칙    추가세액
구성기업 계산,D178,178,4,D178:N178,D178,label,a. 모기업의 추가세액배분액
구성기업 계산,D179,179,4,D179:N179,D179,label,b. 소득산입규칙 추가세액배분액의 차감액
구성기업 계산,D180,180,4,D180:N180,D180,label,c. 모기업이 납부할 추가세액 합계
구성기업 계산,B182,182,2,B182:R182,B182,label,3.4.2 해당 소재지국에 대한 소득산입보완규칙 추가세액
구성기업 계산,B183,183,2,B183:N183,B183,label,1.「국제조세조정에 관한 법률」 제73조제3항제1호에 해당하지 않는 저율과세구성기업 또는 저율과세 공동기업그룹 기업의 납세자번호
구성기업 계산,B184,184,2,B184:N184,B184,label,2.「국제조세조정에 관한 법률」 제73조제3항제2호에 따라 같은 조 제2항의 저율과세구성기업(또는 저율과세 공동기업 또는 공동기업 자회사) 추가세액에서   소득산입규칙 추가세액 납부액을 차감
구성기업 계산,B185,185,2,B185:N185,B185,label,3. 해당 소재지국에 대한 소득산입보완규칙 추가세액 합계
